"id","Cal. R (610nm)","Cal. S (680nm)","Cal. T (730nm)","Cal. U (760nm)","Cal. V (810nm)","Cal. W (860nm)","Cal. G (560nm)","Cal. H (585nm)","Cal. I (645nm)","Cal. J (705nm)","Cal. K (900nm)","Cal. L (940nm)","Cal. A (410nm)","Cal. B (435nm)","Cal. C (460nm)","Cal. D (485nm)","Cal. E (510nm)","Cal. F (535nm)","label"
1,7.3,22.4,52.7,10,4.2,9.7,3,3.3,8.7,10.9,4.7,2.7,1,1.9,3.6,2.8,3.2,3.5,"sadio"
1,7.3,22.4,53.8,10,4.2,9.7,2.5,2.8,8,10.9,4.7,2.7,1,1.9,4.5,1.9,3.2,3.5,"21227"
1,7.3,22.4,55,10,4.2,9.7,3,2.8,8.4,11.3,4.7,2.7,1,1.9,4.5,1.9,3.2,3.5,"21202"
1,7.3,22.4,57.3,10,4.2,9.7,3,2.8,8,10.5,4.7,2.7,1,1.9,3.6,2.8,4,4.2,"21198"
1,7.3,23.4,53.8,10,4.2,9.7,3,2.8,8.7,11.3,5.3,2.7,1,1.9,4.5,2.8,3.2,4.2,"21210"
1,7.3,23.4,56.1,10,4.2,9.7,3,2.8,8.7,11.3,4.7,2.7,1,1.9,4.5,2.8,4,4.2,"21197"
1,7.3,23.4,57.3,10,4.2,9.7,2.5,2.8,8.4,10.9,5.3,2.7,1,1.9,4.5,2.8,3.2,4.2,"21200"
1,8.7,23.4,59.6,11,4.2,9.7,3,2.8,8.7,10.9,5.3,2.7,1,1.9,4.5,2.8,4,4.2,"21201"
1,8.7,24.5,55,10,4.2,9.7,3,2.8,8.7,11.3,5.3,2.7,1,1.9,4.5,2.8,4,4.2,"21196"
1,8.7,24.5,59.6,11,4.2,9.7,3,2.8,8.7,11.3,5.3,2.7,1,1.9,4.5,2.8,4,4.2,"21199"
1,8.7,25.6,65.3,11,4.2,10.9,3,2.8,8.7,12.1,5.3,2.7,1,1.9,4.5,2.8,4,4.9,"21195"
1,11.7,37.3,85.9,14.9,6.2,13.3,5,4.7,13.5,16.5,6.4,3.7,1.9,2.9,6.3,4.7,6.4,7,"giberela"
2,7.3,22.4,53.8,10,4.2,9.7,3,3.3,9.1,10.9,4.7,2.7,1,1.9,3.6,2.8,3.2,3.5,"sadio"
2,7.3,22.4,55,10,4.2,9.7,2.5,2.8,8,10.9,4.7,2.7,1,1.9,4.5,1.9,3.2,3.5,"21227"
2,7.3,22.4,56.1,10,4.2,9.7,3,2.8,8.4,11.3,5.3,2.7,1,1.9,3.6,2.8,3.2,3.5,"21202"
2,7.3,22.4,57.3,10,4.2,9.7,3,2.8,8,10.5,4.7,2.7,1,1.9,3.6,2.8,4,4.2,"21198"
2,7.3,23.4,55,10,4.2,9.7,3,2.8,8.7,11.3,5.3,2.7,1,1.9,4.5,2.8,3.2,4.2,"21210"
2,7.3,23.4,56.1,10,4.2,9.7,3,2.8,8.7,11.3,4.7,2.7,1,1.9,4.5,2.8,4,4.2,"21197"
2,7.3,23.4,57.3,10,4.2,9.7,2.5,2.8,8.4,10.9,5.3,2.7,1,1.9,4.5,2.8,3.2,4.2,"21200"
2,8.7,23.4,60.7,11,4.2,9.7,3,2.8,8.4,10.9,4.7,2.7,1,1.9,4.5,2.8,4,4.2,"21201"
2,8.7,24.5,56.1,10,4.2,9.7,3,2.8,9.1,11.3,5.3,2.7,1,1.9,4.5,2.8,4,4.2,"21196"
2,8.7,24.5,63,11,4.2,9.7,3,2.8,8.7,11.3,5.3,2.7,1,1.9,4.5,2.8,4,4.2,"21199"
2,8.7,25.6,66.4,11,4.2,10.9,3,2.8,8.7,12.1,5.3,2.7,1,1.9,4.5,2.8,4,4.9,"21195"
2,11.7,37.3,85.9,14.9,6.2,13.3,5,4.7,13.5,16.5,6.4,3.7,1.9,2.9,6.3,4.7,6.4,7,"giberela"
3,7.3,22.4,56.1,10,4.2,9.7,2.5,2.8,8,10.9,4.7,2.7,1,1.9,4.5,1.9,3.2,3.5,"21227"
3,7.3,22.4,57.3,10,4.2,9.7,3,2.8,8,10.5,4.7,2.7,1,1.9,3.6,2.8,4,4.2,"21198"
3,7.3,22.4,57.3,11,4.2,9.7,3,2.8,8.4,11.3,5.3,2.7,1,1.9,3.6,2.8,3.2,3.5,"21202"
3,7.3,23.4,53.8,10,4.2,9.7,3,3.3,9.1,11.3,4.7,2.7,1,1.9,3.6,2.8,3.2,3.5,"sadio"
3,7.3,23.4,56.1,10,4.2,9.7,2.5,2.8,8.4,10.9,5.3,2.7,1,1.9,4.5,2.8,3.2,4.2,"21200"
3,7.3,23.4,56.1,10,4.2,9.7,3,2.8,8.7,11.3,5.3,2.7,1,1.9,3.6,2.8,3.2,4.2,"21210"
3,7.3,23.4,57.3,10,4.2,9.7,3,2.8,8.7,11.3,4.7,2.7,1,1.9,4.5,2.8,4,4.2,"21197"
3,8.7,23.4,60.7,11,4.2,9.7,3,2.8,8.4,10.9,4.7,2.7,1,1.9,4.5,2.8,3.2,4.2,"21201"
3,8.7,24.5,56.1,10,4.2,9.7,3,2.8,9.1,11.3,5.3,2.7,1,1.9,4.5,2.8,4,4.2,"21196"
3,8.7,24.5,64.1,11,4.2,9.7,3,2.8,8.7,11.3,5.3,2.7,1,1.9,4.5,2.8,4,4.2,"21199"
3,8.7,25.6,67.6,11,4.2,9.7,3,2.8,8.7,11.7,5.3,2.7,1,1.9,4.5,2.8,4,4.9,"21195"
3,11.7,37.3,85.9,14.9,6.2,13.3,5,4.7,13.5,16.5,6.4,3.7,1.9,2.9,6.3,4.7,6.4,7,"giberela"
4,7.3,22.4,56.1,10,4.2,9.7,2.5,2.8,8,10.9,4.7,2.7,1,1.9,3.6,1.9,3.2,3.5,"21227"
4,7.3,22.4,57.3,10,4.2,9.7,3,2.8,8,10.5,4.7,2.7,1,1.9,4.5,2.8,4,4.2,"21198"
4,7.3,22.4,59.6,11,4.2,9.7,3,2.8,8.4,11.3,5.3,2.7,1,1.9,3.6,2.8,3.2,4.2,"21202"
4,7.3,23.4,55,10,4.2,9.7,3,3.3,9.1,11.3,4.7,2.7,1,1.9,3.6,2.8,3.2,3.5,"sadio"
4,7.3,23.4,56.1,10,4.2,9.7,2.5,2.8,8.4,10.9,5.3,2.7,1,1.9,4.5,2.8,3.2,4.2,"21200"
4,7.3,23.4,57.3,10,4.2,9.7,3,2.8,8.7,11.3,4.7,2.7,1,1.9,4.5,2.8,4,4.2,"21197"
4,7.3,23.4,57.3,11,4.2,9.7,3,2.8,8.7,11.3,5.3,2.7,1,1.9,3.6,2.8,3.2,4.2,"21210"
4,8.7,23.4,60.7,11,4.2,9.7,3,2.8,8.4,10.9,4.7,2.7,1,1.9,4.5,2.8,3.2,4.2,"21201"
4,8.7,24.5,57.3,10,4.2,9.7,3,2.8,9.1,11.3,5.3,2.7,1,1.9,4.5,2.8,4,4.2,"21196"
4,8.7,24.5,63,11,4.2,9.7,3,2.8,8.7,11.3,5.3,2.7,1,1.9,4.5,2.8,4,4.2,"21199"
4,8.7,25.6,67.6,11,4.2,9.7,3,2.8,8.4,11.7,5.3,2.7,1,1.9,4.5,2.8,4,4.9,"21195"
4,11.7,37.3,85.9,14.9,6.2,13.3,5,4.7,13.5,16.5,6.4,3.7,1.9,2.9,6.3,4.7,6.4,7,"giberela"
5,7.3,22.4,57.3,10,4.2,9.7,3,2.8,8,10.5,4.7,2.7,1,1.9,4.5,2.8,4,4.2,"21198"
5,7.3,22.4,58.4,11,4.2,9.7,2.5,2.8,8.4,10.9,4.7,2.7,1,1.9,3.6,1.9,3.2,3.5,"21227"
5,7.3,22.4,59.6,11,4.2,9.7,2.5,2.8,8.4,11.3,5.3,2.7,1,1.9,3.6,2.8,3.2,4.2,"21202"
5,7.3,23.4,55,10,4.2,9.7,2.5,2.8,8.4,10.9,5.3,2.7,1,1.9,4.5,2.8,3.2,4.2,"21200"
5,7.3,23.4,56.1,10,4.2,9.7,3,3.3,8.7,11.3,4.7,2.7,1,1.9,4.5,2.8,4,4.2,"21197"
5,7.3,23.4,56.1,10,4.2,9.7,3,3.3,9.1,11.3,4.7,2.7,1,1.9,3.6,2.8,3.2,3.5,"sadio"
5,8.7,23.4,59.6,10,4.2,9.7,3,2.8,9.1,11.3,5.3,2.7,1,1.9,4.5,2.8,4,4.2,"21199"
5,8.7,23.4,60.7,11,4.2,9.7,3,2.8,8.4,10.9,4.7,2.7,1,1.9,4.5,2.8,3.2,4.2,"21201"
5,8.7,23.4,60.7,11,4.2,9.7,3,2.8,8.4,11.3,5.3,2.7,1,1.9,3.6,2.8,4,4.2,"21210"
5,8.7,24.5,58.4,11,4.2,9.7,3,2.8,9.1,11.3,5.3,2.7,1,1.9,4.5,2.8,4,4.2,"21196"
5,8.7,25.6,67.6,11,4.2,9.7,3,2.8,8.4,11.7,5.3,2.7,1,1.9,4.5,2.8,4,4.9,"21195"
5,11.7,37.3,85.9,14.9,6.2,13.3,5,4.7,13.5,16.5,6.4,3.7,1.9,2.9,6.3,4.7,6.4,7,"giberela"
6,7.3,22.4,57.3,10,4.2,9.7,3,2.8,7.6,10.5,4.7,2.7,1,1.9,4.5,2.8,4,4.2,"21198"
6,7.3,22.4,58.4,11,4.2,9.7,2.5,2.8,8,10.9,4.7,2.7,1,1.9,3.6,1.9,3.2,3.5,"21227"
6,7.3,22.4,60.7,11,4.2,9.7,3,2.8,8.4,11.3,4.7,2.7,1,1.9,3.6,2.8,3.2,4.2,"21202"
6,7.3,23.4,55,10,4.2,9.7,2.5,2.8,8.4,10.9,4.7,2.7,1,1.9,4.5,2.8,3.2,4.2,"21200"
6,7.3,23.4,55,10,4.2,9.7,3,3.3,9.1,11.3,4.7,2.7,1,1.9,3.6,2.8,3.2,3.5,"sadio"
6,7.3,23.4,56.1,10,4.2,9.7,3,3.3,8.7,11.3,4.7,2.7,1,1.9,4.5,2.8,4,4.2,"21197"
6,8.7,23.4,56.1,10,4.2,9.7,3,2.8,9.1,11.3,5.3,2.7,1,1.9,4.5,2.8,4,4.2,"21199"
6,8.7,23.4,60.7,11,4.2,9.7,3,2.8,8.4,10.9,4.7,2.7,1,1.9,4.5,2.8,3.2,4.2,"21201"
6,8.7,23.4,61.8,11,4.2,9.7,2.5,2.8,8.4,11.3,5.3,2.7,1,1.9,3.6,2.8,4,4.2,"21210"
6,8.7,24.5,58.4,11,4.2,9.7,3,2.8,9.1,11.3,5.3,2.7,1,1.9,4.5,2.8,4,4.2,"21196"
6,8.7,25.6,66.4,11,4.2,9.7,3,2.8,8.7,11.7,5.3,2.7,1,1.9,4.5,2.8,4,4.9,"21195"
6,11.7,37.3,85.9,14.9,6.2,13.3,5,4.7,13.5,16.5,6.4,3.7,1.9,2.9,6.3,4.7,6.4,7,"giberela"
7,7.3,21.3,57.3,10,4.2,9.7,3,2.8,8,10.5,4.7,2.7,1,1.9,4.5,2.8,4,4.2,"21198"
7,7.3,22.4,59.6,11,4.2,9.7,2.5,2.8,8,10.9,4.7,2.7,1,1.9,3.6,1.9,3.2,3.5,"21227"
7,7.3,22.4,60.7,11,4.2,9.7,3,2.8,8.4,11.3,4.7,2.7,1,1.9,3.6,2.8,3.2,4.2,"21202"
7,7.3,23.4,55,10,4.2,9.7,2.5,2.8,8.4,10.9,4.7,2.7,1,1.9,4.5,2.8,3.2,4.2,"21200"
7,7.3,23.4,55,10,4.2,9.7,3,3.3,8.7,11.3,4.7,2.7,1,1.9,3.6,2.8,3.2,3.5,"sadio"
7,7.3,23.4,55,10,4.2,9.7,3,3.3,8.7,11.3,4.7,2.7,1,1.9,4.5,2.8,4,4.2,"21197"
7,8.7,23.4,55,10,4.2,9.7,3,3.3,9.1,11.3,5.3,2.7,1,1.9,4.5,2.8,4,4.2,"21199"
7,8.7,23.4,61.8,11,4.2,9.7,2.5,2.8,8.4,11.3,5.3,2.7,1,1.9,4.5,2.8,4,4.2,"21210"
7,8.7,23.4,61.8,11,4.2,9.7,3,2.8,8.4,10.9,4.7,2.7,1,1.9,4.5,2.8,3.2,4.2,"21201"
7,8.7,24.5,58.4,11,4.2,9.7,3,2.8,9.1,11.3,5.3,2.7,1,1.9,4.5,2.8,4,4.2,"21196"
7,10.2,25.6,65.3,11,4.2,9.7,3,2.8,8.7,12.1,5.3,2.7,1,1.9,4.5,2.8,4,4.9,"21195"
7,11.7,37.3,85.9,14.9,6.2,13.3,5,4.7,13.5,16.5,6.4,3.7,1.9,2.9,7.2,4.7,6.4,7,"giberela"
8,7.3,21.3,57.3,10,4.2,9.7,3,2.8,8,10.1,4.7,2.7,1,1.9,4.5,2.8,4,4.2,"21198"
8,7.3,22.4,58.4,10,4.2,9.7,3,2.8,8.7,11.3,4.7,2.7,1,1.9,3.6,2.8,3.2,3.5,"21202"
8,7.3,22.4,60.7,11,4.2,9.7,2.5,2.8,7.6,10.9,4.7,2.7,1,1.9,3.6,1.9,3.2,3.5,"21227"
8,7.3,23.4,53.8,10,4.2,9.7,3,3.3,8.7,11.3,4.7,2.7,1,1.9,3.6,2.8,3.2,3.5,"sadio"
8,7.3,23.4,55,10,4.2,9.7,2.5,2.8,8.4,10.9,4.7,2.7,1,1.9,4.5,2.8,3.2,4.2,"21200"
8,7.3,23.4,55,10,4.2,9.7,3,3.3,9.1,11.3,4.7,2.7,1,1.9,4.5,2.8,4,4.2,"21197"
8,8.7,23.4,55,10,4.2,9.7,3,3.3,9.5,11.3,5.3,2.7,1,1.9,4.5,2.8,4,4.2,"21199"
8,8.7,23.4,61.8,11,4.2,9.7,2.5,2.8,8.4,11.3,5.3,2.7,1,1.9,4.5,2.8,4,4.2,"21210"
8,8.7,23.4,61.8,11,4.2,9.7,3,2.8,8.4,10.9,4.7,2.7,1,1.9,4.5,2.8,3.2,4.2,"21201"
8,8.7,24.5,58.4,10,4.2,9.7,3,2.8,9.1,11.3,5.3,2.7,1,1.9,4.5,2.8,4,4.2,"21196"
8,10.2,25.6,64.1,11,4.2,10.9,3,3.3,9.1,12.1,5.3,2.7,1,1.9,4.5,2.8,4,4.9,"21195"
8,11.7,36.2,87,14.9,6.2,13.3,5,4.7,13.5,16.5,6.4,3.7,1.9,2.9,7.2,4.7,6.4,7,"giberela"
9,7.3,21.3,56.1,10,4.2,9.7,3,2.8,8,10.1,4.7,2.7,1,1.9,4.5,2.8,4,4.2,"21198"
9,7.3,22.4,56.1,10,4.2,9.7,3,2.8,8.7,10.9,4.7,2.7,1,1.9,3.6,2.8,3.2,3.5,"21202"
9,7.3,22.4,60.7,11,4.2,9.7,2.5,2.8,7.6,10.9,4.7,2.7,1,1.9,3.6,1.9,3.2,3.5,"21227"
9,7.3,23.4,52.7,10,4.2,9.7,3,2.8,8.7,11.3,4.7,2.7,1,1.9,3.6,2.8,3.2,3.5,"sadio"
9,7.3,23.4,53.8,10,4.2,9.7,2.5,2.8,8.4,10.9,4.7,2.7,1,1.9,4.5,2.8,3.2,4.2,"21200"
9,7.3,23.4,55,10,4.2,9.7,3,3.3,9.1,11.3,4.7,2.7,1,1.9,4.5,2.8,4,4.2,"21197"
9,8.7,23.4,53.8,10,4.2,9.7,3,3.3,9.5,11.3,5.3,2.7,1,1.9,4.5,2.8,4,4.2,"21199"
9,8.7,23.4,61.8,11,4.2,9.7,2.5,2.8,8.4,11.3,5.3,2.7,1,1.9,3.6,2.8,4,4.2,"21210"
9,8.7,23.4,61.8,11,4.2,9.7,3,2.8,8.4,10.9,4.7,2.7,1,1.9,4.5,2.8,3.2,4.2,"21201"
9,8.7,24.5,57.3,10,4.2,9.7,3,2.8,9.1,11.3,5.3,2.7,1,1.9,4.5,2.8,4,4.2,"21196"
9,10.2,25.6,63,11,4.2,10.9,3,3.3,9.1,12.1,5.3,2.7,1,1.9,4.5,2.8,4,4.9,"21195"
9,13.1,36.2,89.3,14.9,6.2,13.3,5,4.7,13.5,16.1,6.4,3.7,1.9,2.9,7.2,4.7,7.2,7.7,"giberela"
10,7.3,21.3,56.1,10,4.2,9.7,3,2.8,8,10.1,4.7,2.7,1,1.9,4.5,2.8,4,4.2,"21198"
10,7.3,22.4,53.8,10,4.2,9.7,3,2.8,8.7,10.9,4.7,2.7,1,1.9,4.5,2.8,3.2,3.5,"21202"
10,7.3,22.4,61.8,11,4.2,9.7,2.5,2.8,8,10.9,4.7,2.7,1,1.9,3.6,1.9,3.2,3.5,"21227"
10,7.3,23.4,52.7,10,4.2,9.7,3,3.3,8.7,11.3,4.7,2.7,1,1.9,3.6,2.8,3.2,3.5,"sadio"
10,7.3,23.4,53.8,10,4.2,9.7,2.5,2.8,8.4,10.9,4.7,2.7,1,1.9,4.5,2.8,3.2,4.2,"21200"
10,7.3,23.4,56.1,10,4.2,9.7,3,3.3,9.1,10.9,4.7,2.7,1,1.9,4.5,2.8,4,4.2,"21197"
10,8.7,23.4,53.8,10,4.2,9.7,3,3.3,9.5,11.3,5.3,2.7,1,1.9,4.5,2.8,4,4.2,"21199"
10,8.7,23.4,60.7,11,4.2,9.7,3,2.8,8.7,11.3,5.3,2.7,1,1.9,3.6,2.8,4,4.2,"21210"
10,8.7,23.4,61.8,11,4.2,9.7,3,2.8,8.4,10.9,4.7,2.7,1,1.9,4.5,2.8,3.2,4.2,"21201"
10,8.7,24.5,57.3,10,4.2,9.7,3,2.8,9.1,11.3,5.3,2.7,1,1.9,4.5,2.8,4,4.2,"21196"
10,10.2,25.6,63,11,4.2,10.9,3,3.3,9.1,12.1,5.3,2.7,1,1.9,4.5,2.8,4,4.9,"21195"
10,13.1,36.2,89.3,14.9,6.2,13.3,5,4.7,13.5,16.1,6.4,3.7,1.9,2.9,7.2,4.7,7.2,7.7,"giberela"
11,7.3,21.3,56.1,10,4.2,9.7,3,2.8,8.4,10.1,4.7,2.7,1,1.9,4.5,2.8,4,4.2,"21198"
11,7.3,22.4,52.7,10,4.2,9.7,3,2.8,8.7,10.9,4.7,2.7,1,1.9,4.5,2.8,3.2,3.5,"21202"
11,7.3,22.4,61.8,11,4.2,9.7,2.5,2.8,8,10.9,4.7,2.7,1,1.9,3.6,1.9,3.2,3.5,"21227"
11,7.3,23.4,52.7,10,4.2,9.7,3,2.8,9.5,11.3,5.3,2.7,1,1.9,4.5,2.8,4,4.2,"21199"
11,7.3,23.4,53.8,10,4.2,9.7,2.5,2.8,8.4,10.9,4.7,2.7,1,1.9,4.5,2.8,3.2,4.2,"21200"
11,7.3,23.4,56.1,10,4.2,9.7,3,3.3,8.7,11.3,4.7,2.7,1,1.9,3.6,2.8,3.2,3.5,"sadio"
11,7.3,23.4,59.6,11,4.2,9.7,3,2.8,8.7,11.3,5.3,2.7,1,1.9,3.6,2.8,4,4.2,"21210"
11,8.7,23.4,55,10,4.2,9.7,3,2.8,9.1,10.9,4.7,2.7,1,1.9,4.5,2.8,4,4.2,"21197"
11,8.7,23.4,57.3,10,4.2,9.7,3,2.8,9.1,11.3,5.3,2.7,1,1.9,4.5,2.8,4,4.2,"21196"
11,8.7,23.4,63,11,4.2,9.7,2.5,2.8,8.7,10.9,4.7,2.7,1,1.9,4.5,2.8,3.2,4.2,"21201"
11,10.2,24.5,61.8,11,4.2,10.9,3,3.3,9.1,11.7,5.3,2.7,1,1.9,4.5,2.8,4,4.9,"21195"
11,13.1,36.2,89.3,14.9,6.2,13.3,5,4.7,13.5,16.1,6.4,3.7,1.9,2.9,7.2,4.7,7.2,7.7,"giberela"
12,7.3,21.3,55,10,4.2,9.7,3,2.8,8.4,10.1,4.7,2.7,1,1.9,4.5,2.8,4,4.2,"21198"
12,7.3,22.4,52.7,10,4.2,9.7,3,2.8,8.7,10.9,4.7,2.7,1,1.9,4.5,2.8,3.2,3.5,"21202"
12,7.3,22.4,60.7,10,4.2,9.7,2.5,2.8,8.4,10.9,4.7,2.7,1,1.9,3.6,1.9,3.2,3.5,"21227"
12,7.3,23.4,52.7,9,4.2,9.7,3,3.3,9.5,11.3,5.3,2.7,1,1.9,4.5,2.8,4,4.2,"21199"
12,7.3,23.4,53.8,10,4.2,9.7,2.5,2.8,8.4,10.9,4.7,2.7,1,1.9,4.5,2.8,3.2,4.2,"21200"
12,7.3,23.4,59.6,11,4.2,9.7,3,2.8,8.7,11.3,5.3,2.7,1,1.9,3.6,2.8,4,4.2,"21210"
12,7.3,23.4,59.6,11,4.2,9.7,3,3.3,9.1,11.7,5.3,2.7,1,1.9,3.6,2.8,4,4.2,"sadio"
12,8.7,23.4,55,10,4.2,9.7,3,2.8,9.1,10.9,5.3,2.7,1,1.9,4.5,2.8,4,4.2,"21197"
12,8.7,23.4,56.1,10,4.2,9.7,3,2.8,9.1,11.3,5.3,2.7,1,1.9,4.5,2.8,4,4.2,"21196"
12,8.7,23.4,63,11,4.2,9.7,2.5,2.8,8.7,10.9,4.7,2.7,1,1.9,4.5,2.8,3.2,4.2,"21201"
12,8.7,24.5,59.6,11,4.2,10.9,3,3.3,9.1,11.7,5.3,2.7,1,1.9,4.5,2.8,4,4.9,"21195"
12,13.1,36.2,89.3,14.9,6.2,13.3,5,4.7,13.5,16.1,6.4,3.7,1.9,2.9,7.2,4.7,7.2,7.7,"giberela"
13,7.3,21.3,53.8,9,4.2,9.7,3,2.8,8.4,10.1,4.7,2.7,1,1.9,4.5,2.8,4,4.2,"21198"
13,7.3,22.4,52.7,10,4.2,9.7,3,2.8,8.7,10.9,4.7,2.7,1,1.9,4.5,2.8,3.2,3.5,"21202"
13,7.3,22.4,58.4,10,4.2,9.7,2.5,2.8,8.4,10.9,5.3,2.7,1,1.9,3.6,1.9,3.2,3.5,"21227"
13,7.3,23.4,52.7,9,4.2,9.7,3,3.3,9.5,11.3,5.3,2.7,1,1.9,4.5,2.8,4,4.2,"21199"
13,7.3,23.4,53.8,10,4.2,9.7,2.5,2.8,8.4,10.9,4.7,2.7,1,1.9,4.5,2.8,3.2,4.2,"21200"
13,7.3,23.4,59.6,11,4.2,9.7,3,3.3,9.5,11.3,5.3,2.7,1,1.9,3.6,2.8,4,4.2,"sadio"
13,7.3,23.4,60.7,11,4.2,9.7,3,2.8,8.7,11.3,5.3,2.7,1,1.9,3.6,2.8,4,4.2,"21210"
13,8.7,23.4,55,10,4.2,9.7,3,2.8,9.1,10.9,4.7,2.7,1,1.9,4.5,2.8,4,4.2,"21197"
13,8.7,23.4,55,10,4.2,9.7,3,2.8,9.1,11.3,5.3,2.7,1,1.9,4.5,2.8,4,4.2,"21196"
13,8.7,23.4,63,11,4.2,9.7,2.5,2.8,8.7,10.9,4.7,2.7,1,1.9,4.5,2.8,3.2,4.2,"21201"
13,8.7,24.5,58.4,10,4.2,10.9,3.5,3.3,9.1,11.7,5.3,2.7,1,1.9,4.5,2.8,4,4.9,"21195"
13,13.1,36.2,88.2,14.9,6.2,13.3,5,4.7,13.5,16.1,6.4,3.7,1.9,2.9,7.2,4.7,7.2,7.7,"giberela"
14,7.3,21.3,52.7,9,4.2,9.7,3,2.8,8.4,10.1,4.7,2.7,1,1.9,4.5,2.8,4,4.2,"21198"
14,7.3,22.4,53.8,10,4.2,9.7,3,2.8,8.7,10.9,4.7,2.7,1,1.9,3.6,2.8,3.2,3.5,"21202"
14,7.3,22.4,56.1,10,4.2,9.7,3,2.8,8.4,10.9,4.7,2.7,1,1.9,3.6,1.9,3.2,3.5,"21227"
14,7.3,23.4,52.7,10,4.2,9.7,3,2.8,9.5,11.3,5.3,2.7,1,1.9,4.5,2.8,4,4.2,"21199"
14,7.3,23.4,55,10,4.2,9.7,2.5,2.8,8.4,10.9,4.7,2.7,1,1.9,4.5,2.8,3.2,4.2,"21200"
14,7.3,23.4,59.6,11,4.2,9.7,3,3.3,9.5,11.3,5.3,2.7,1,1.9,3.6,2.8,4,4.2,"sadio"
14,7.3,23.4,60.7,11,4.2,9.7,3,2.8,8.7,11.3,5.3,2.7,1,1.9,3.6,2.8,4,4.2,"21210"
14,8.7,23.4,55,10,4.2,9.7,3,2.8,9.1,10.9,5.3,2.7,1,1.9,4.5,2.8,4,4.2,"21197"
14,8.7,23.4,55,10,4.2,9.7,3,2.8,9.1,11.3,5.3,2.7,1,1.9,4.5,2.8,4,4.2,"21196"
14,8.7,23.4,63,11,4.2,9.7,2.5,2.8,8.7,10.9,4.7,2.7,1,1.9,4.5,2.8,4,4.2,"21201"
14,8.7,24.5,57.3,10,4.2,10.9,3.5,3.3,9.1,12.1,5.3,2.7,1,1.9,4.5,2.8,4,4.9,"21195"
14,13.1,36.2,88.2,14.9,6.2,13.3,5,4.7,13.5,16.1,6.4,3.7,1.9,2.9,7.2,4.7,7.2,7.7,"giberela"
15,7.3,21.3,52.7,9,4.2,9.7,3,2.8,8.4,10.1,4.7,2.7,1,1.9,4.5,2.8,4,4.2,"21198"
15,7.3,21.3,56.1,10,4.2,9.7,3,2.8,8.4,10.9,5.3,2.7,1,1.9,3.6,1.9,3.2,3.5,"21227"
15,7.3,22.4,53.8,10,4.2,9.7,3,2.8,8.7,10.9,4.7,2.7,1,1.9,3.6,2.8,3.2,3.5,"21202"
15,7.3,23.4,52.7,10,4.2,9.7,3,2.8,9.5,11.3,5.3,2.7,1,1.9,4.5,2.8,4,4.2,"21199"
15,7.3,23.4,55,10,4.2,9.7,2.5,2.8,8.4,10.9,4.7,2.7,1,1.9,4.5,2.8,3.2,4.2,"21200"
15,7.3,23.4,55,10,4.2,9.7,3,2.8,9.1,11.3,5.3,2.7,1,1.9,4.5,2.8,4,4.2,"21196"
15,7.3,23.4,57.3,10,4.2,9.7,3,2.8,8.7,11.3,5.3,2.7,1,1.9,3.6,2.8,4,4.2,"21210"
15,7.3,23.4,59.6,11,4.2,9.7,3,3.3,9.5,11.3,5.3,2.7,1,1.9,3.6,2.8,4,4.2,"sadio"
15,8.7,22.4,61.8,11,4.2,9.7,2.5,2.8,8.7,10.9,4.7,2.7,1,1.9,4.5,2.8,4,4.2,"21201"
15,8.7,23.4,56.1,10,4.2,9.7,3,2.8,9.1,10.9,4.7,2.7,1,1.9,4.5,2.8,4,4.2,"21197"
15,8.7,24.5,58.4,11,4.2,10.9,3.5,3.3,9.1,12.1,5.3,2.7,1,1.9,4.5,2.8,4,4.9,"21195"
15,13.1,36.2,88.2,14.9,6.2,13.3,4.5,4.7,13.9,16.1,6.4,3.7,1.9,3.9,7.2,4.7,7.2,7.7,"giberela"
16,7.3,20.3,52.7,9,4.2,9.7,3,2.8,8.4,10.1,4.7,2.7,1,1.9,4.5,2.8,4,4.2,"21198"
16,7.3,21.3,56.1,10,4.2,9.7,3,2.8,8.4,10.9,4.7,2.7,1,1.9,3.6,1.9,3.2,3.5,"21227"
16,7.3,22.4,53.8,10,4.2,9.7,3,2.8,8.7,10.9,4.7,2.7,1,1.9,3.6,2.8,3.2,3.5,"21202"
16,7.3,23.4,52.7,10,4.2,9.7,3,2.8,9.5,11.3,5.3,2.7,1,1.9,4.5,2.8,4,4.2,"21199"
16,7.3,23.4,55,10,4.2,9.7,2.5,2.8,8.4,10.9,4.7,2.7,1,1.9,4.5,2.8,3.2,4.2,"21200"
16,7.3,23.4,56.1,10,4.2,9.7,3,2.8,8.7,11.3,5.3,2.7,1,1.9,3.6,2.8,4,3.5,"21210"
16,7.3,23.4,59.6,11,4.2,9.7,3,3.3,9.5,11.3,5.3,2.7,1,1.9,3.6,2.8,4,4.2,"sadio"
16,8.7,22.4,60.7,10,4.2,9.7,2.5,2.8,8.7,10.9,4.7,2.7,1,1.9,4.5,2.8,4,4.2,"21201"
16,8.7,23.4,55,10,4.2,9.7,3,2.8,9.1,10.9,5.3,2.7,1,1.9,4.5,2.8,4,4.2,"21197"
16,8.7,23.4,55,10,4.2,9.7,3,2.8,9.1,11.3,5.3,2.7,1,1.9,4.5,2.8,4,4.2,"21196"
16,8.7,25.6,57.3,11,4.2,10.9,3.5,3.3,9.1,12.1,5.3,2.7,1,1.9,4.5,2.8,4,4.9,"21195"
16,13.1,35.2,88.2,14.9,6.2,13.3,4.5,4.7,13.9,16.1,6.4,3.7,1.9,3.9,7.2,4.7,7.2,7.7,"giberela"
17,7.3,20.3,52.7,9,4.2,9.7,3,2.8,8.4,10.1,4.7,2.7,1,1.9,4.5,2.8,4,4.2,"21198"
17,7.3,21.3,56.1,10,4.2,9.7,3,2.8,8.4,10.9,4.7,2.7,1,1.9,3.6,1.9,3.2,3.5,"21227"
17,7.3,22.4,52.7,10,4.2,9.7,3,2.8,8.7,10.9,4.7,2.7,1,1.9,3.6,2.8,3.2,3.5,"21202"
17,7.3,22.4,53.8,10,4.2,9.7,3,2.8,8.7,11.3,5.3,2.7,1,1.9,3.6,2.8,3.2,3.5,"21210"
17,7.3,23.4,52.7,10,4.2,9.7,3,2.8,9.5,11.3,5.3,2.7,1,1.9,4.5,2.8,4,4.2,"21199"
17,7.3,23.4,55,10,4.2,9.7,2.5,2.8,8.4,10.9,4.7,2.7,1,1.9,4.5,2.8,3.2,4.2,"21200"
17,7.3,23.4,55,10,4.2,9.7,3,2.8,9.1,11.3,5.3,2.7,1,1.9,4.5,2.8,4,4.2,"21196"
17,7.3,23.4,59.6,11,4.2,9.7,3,3.3,9.5,11.3,5.3,2.7,1,1.9,3.6,2.8,4,4.2,"sadio"
17,8.7,22.4,59.6,10,4.2,9.7,3,2.8,8.7,10.9,5.3,2.7,1,1.9,4.5,2.8,4,4.2,"21201"
17,8.7,23.4,55,10,4.2,9.7,3,2.8,9.1,10.9,5.3,2.7,1,1.9,4.5,2.8,4,4.2,"21197"
17,8.7,25.6,57.3,10,4.2,10.9,3.5,3.3,9.1,12.5,5.3,2.7,1,1.9,4.5,2.8,4,4.9,"21195"
17,13.1,35.2,88.2,14.9,6.2,13.3,4.5,4.7,13.9,16.1,6.4,3.7,1.9,3.9,7.2,4.7,7.2,7.7,"giberela"
18,7.3,21.3,52.7,9,4.2,9.7,3,2.8,8.4,10.1,4.7,2.7,1,1.9,4.5,2.8,4,4.2,"21198"
18,7.3,21.3,52.7,10,4.2,9.7,3,2.8,8.7,10.9,4.7,2.7,1,1.9,3.6,2.8,3.2,3.5,"21202"
18,7.3,22.4,51.5,10,4.2,9.7,3,2.8,8.7,11.3,5.3,2.7,1,1.9,3.6,2.8,3.2,3.5,"21210"
18,7.3,22.4,56.1,10,4.2,9.7,3,2.8,8.4,10.9,4.7,2.7,1,1.9,3.6,1.9,3.2,3.5,"21227"
18,7.3,23.4,52.7,10,4.2,9.7,3,2.8,9.1,11.3,5.3,2.7,1,1.9,4.5,2.8,4,4.2,"21199"
18,7.3,23.4,53.8,10,4.2,9.7,3,2.8,9.1,11.3,5.3,2.7,1,1.9,4.5,2.8,4,4.2,"21196"
18,7.3,23.4,58.4,11,4.2,9.7,3,3.3,9.5,11.3,5.3,2.7,1,1.9,3.6,2.8,4,3.5,"sadio"
18,8.7,22.4,53.8,10,4.2,9.7,3,2.8,9.1,10.9,4.7,2.7,1,1.9,4.5,2.8,4,4.2,"21197"
18,8.7,22.4,59.6,10,4.2,9.7,3,2.8,8.7,10.9,5.3,2.7,1,1.9,4.5,2.8,4,4.2,"21201"
18,8.7,23.4,53.8,10,4.2,9.7,2.5,2.8,8.4,10.9,4.7,2.7,1,1.9,5.4,2.8,3.2,4.2,"21200"
18,8.7,25.6,57.3,10,4.2,10.9,3.5,3.3,9.1,12.5,5.3,2.7,1,1.9,4.5,2.8,4,4.9,"21195"
18,13.1,35.2,88.2,14.9,6.2,13.3,4.5,4.7,13.9,16.1,6.4,3.7,1.9,3.9,7.2,4.7,7.2,7.7,"giberela"
19,7.3,21.3,52.7,9,4.2,9.7,3,2.8,8.4,10.1,4.7,2.7,1,1.9,4.5,2.8,4,4.2,"21198"
19,7.3,21.3,53.8,10,4.2,9.7,3,2.8,8.7,10.9,4.7,2.7,1,1.9,3.6,2.8,3.2,3.5,"21202"
19,7.3,22.4,51.5,9,4.2,9.7,3,2.8,8.7,11.3,5.3,2.7,1,1.9,4.5,2.8,3.2,3.5,"21210"
19,7.3,22.4,53.8,10,4.2,9.7,3,3.3,9.1,10.9,4.7,2.7,1,1.9,4.5,2.8,4,4.2,"21197"
19,7.3,22.4,56.1,10,4.2,9.7,2.5,2.8,8.4,10.9,5.3,2.7,1,1.9,3.6,1.9,3.2,3.5,"21227"
19,7.3,23.4,53.8,10,4.2,9.7,3,3.3,9.1,11.3,5.3,2.7,1,1.9,4.5,2.8,4,4.2,"21199"
19,7.3,23.4,55,10,4.2,9.7,3,2.8,9.1,11.3,5.3,2.7,1,1.9,4.5,2.8,4,4.2,"21196"
19,7.3,23.4,59.6,11,4.2,9.7,3,3.3,9.5,11.3,5.3,2.7,1,1.9,3.6,2.8,4,3.5,"sadio"
19,8.7,22.4,58.4,10,4.2,9.7,3,2.8,8.7,10.9,5.3,2.7,1,1.9,4.5,2.8,4,4.2,"21201"
19,8.7,23.4,53.8,10,4.2,9.7,2.5,2.8,8.4,10.9,4.7,2.7,1,1.9,5.4,2.8,3.2,4.2,"21200"
19,8.7,25.6,58.4,11,4.2,10.9,3.5,3.3,9.1,12.5,5.3,2.7,1,1.9,4.5,2.8,4,4.9,"21195"
19,13.1,34.1,88.2,14.9,6.2,13.3,4.5,4.7,13.9,15.7,6.4,3.7,1.9,3.9,7.2,4.7,7.2,7.7,"giberela"
20,7.3,21.3,53.8,10,4.2,9.7,3,2.8,8,10.5,4.7,2.7,1,1.9,4.5,2.8,4,4.2,"21198"
20,7.3,21.3,53.8,10,4.2,9.7,3,2.8,8.7,10.9,4.7,2.7,1,1.9,3.6,2.8,3.2,3.5,"21202"
20,7.3,22.4,50.4,9,4.2,9.7,3,2.8,8.7,10.9,5.3,2.7,1,1.9,4.5,2.8,3.2,3.5,"21210"
20,7.3,22.4,53.8,10,4.2,9.7,3,3.3,9.1,10.9,4.7,2.7,1,1.9,4.5,2.8,4,4.2,"21197"
20,7.3,22.4,56.1,10,4.2,9.7,2.5,2.8,8.4,10.9,4.7,2.7,1,1.9,3.6,1.9,3.2,3.5,"21227"
20,7.3,23.4,59.6,11,4.2,9.7,3,3.3,9.5,11.3,5.3,2.7,1,1.9,3.6,2.8,3.2,3.5,"sadio"
20,8.7,22.4,58.4,10,4.2,9.7,3,2.8,8.7,10.9,5.3,2.7,1,1.9,4.5,2.8,4,4.2,"21201"
20,8.7,23.4,53.8,10,4.2,9.7,3,2.8,9.1,11.3,5.3,2.7,1,1.9,4.5,2.8,4,4.2,"21199"
20,8.7,23.4,55,10,4.2,9.7,2.5,2.8,8.4,10.9,4.7,2.7,1,1.9,5.4,2.8,3.2,4.2,"21200"
20,8.7,23.4,55,10,4.2,9.7,3,2.8,9.1,11.3,5.3,2.7,1,1.9,4.5,2.8,4,4.2,"21196"
20,8.7,25.6,58.4,11,4.2,10.9,3.5,3.3,9.1,12.5,5.3,2.7,1,1.9,4.5,2.8,4,4.9,"21195"
20,13.1,34.1,87,14.9,6.2,12.1,4.5,4.7,14.3,15.7,6.4,3.7,1.9,3.9,7.2,4.7,7.2,7.7,"giberela"
21,7.3,21.3,53.8,10,4.2,9.7,3,2.8,8.7,10.9,4.7,2.7,1,1.9,3.6,2.8,3.2,3.5,"21202"
21,7.3,22.4,50.4,9,4.2,9.7,3,2.8,8.7,11.3,5.3,2.7,1,1.9,4.5,2.8,3.2,3.5,"21210"
21,7.3,22.4,53.8,10,4.2,9.7,3,2.8,8,10.5,4.7,2.7,1,1.9,4.5,2.8,4,4.2,"21198"
21,7.3,22.4,53.8,10,4.2,9.7,3,3.3,9.1,10.9,4.7,2.7,1,1.9,4.5,2.8,4,4.2,"21197"
21,7.3,22.4,56.1,10,4.2,9.7,2.5,2.8,8.4,10.9,4.7,2.7,1,1.9,4.5,1.9,3.2,3.5,"21227"
21,7.3,23.4,59.6,11,4.2,9.7,3,3.3,9.5,11.3,5.3,2.7,1,1.9,3.6,2.8,3.2,3.5,"sadio"
21,8.7,22.4,55,10,4.2,9.7,2.5,2.8,8.4,10.9,4.7,2.7,1,1.9,5.4,2.8,3.2,4.2,"21200"
21,8.7,22.4,58.4,10,4.2,9.7,3,2.8,8.7,10.9,5.3,2.7,1,1.9,4.5,2.8,4,4.2,"21201"
21,8.7,23.4,55,10,4.2,9.7,3,2.8,8.7,11.3,5.3,2.7,1,1.9,4.5,2.8,4,4.2,"21199"
21,8.7,24.5,55,10,4.2,9.7,3,2.8,9.1,11.3,5.3,2.7,1,1.9,4.5,2.8,4,4.2,"21196"
21,8.7,25.6,60.7,11,4.2,10.9,3,3.3,9.1,12.5,5.3,2.7,1,1.9,4.5,2.8,4,4.9,"21195"
21,13.1,33,85.9,13.9,6.2,12.1,4.5,4.7,14.3,15.7,6.4,3.7,1.9,3.9,7.2,4.7,7.2,7,"giberela"
22,7.3,21.3,52.7,10,4.2,9.7,3,2.8,8.7,10.9,4.7,2.7,1,1.9,3.6,2.8,3.2,3.5,"21202"
22,7.3,22.4,50.4,9,4.2,9.7,3,2.8,8.7,11.3,5.3,2.7,1,1.9,4.5,2.8,3.2,3.5,"21210"
22,7.3,22.4,53.8,10,4.2,9.7,3,2.8,8,10.5,4.7,2.7,1,1.9,4.5,2.8,4,4.2,"21198"
22,7.3,22.4,53.8,10,4.2,9.7,3,3.3,9.1,10.9,4.7,2.7,1,1.9,4.5,2.8,4,4.2,"21197"
22,7.3,22.4,55,10,4.2,9.7,2.5,2.8,8,10.9,4.7,2.7,1,1.9,4.5,1.9,3.2,3.5,"21227"
22,7.3,23.4,58.4,11,4.2,9.7,3,3.3,9.5,10.9,4.7,2.7,1,1.9,3.6,2.8,3.2,4.2,"sadio"
22,8.7,22.4,55,10,4.2,9.7,2.5,2.8,8,10.9,4.7,2.7,1,1.9,5.4,2.8,3.2,4.2,"21200"
22,8.7,22.4,57.3,10,4.2,9.7,3,2.8,8.7,10.9,5.3,2.7,1,1.9,4.5,2.8,4,4.2,"21201"
22,8.7,23.4,52.7,10,4.2,9.7,3,3.3,8.7,11.3,5.3,2.7,1,1.9,4.5,2.8,4,4.2,"21199"
22,8.7,24.5,55,10,4.2,9.7,3,2.8,9.1,11.3,5.3,2.7,1,1.9,4.5,2.8,4,4.2,"21196"
22,8.7,26.6,61.8,11,4.2,9.7,3,2.8,9.1,12.1,5.3,2.7,1,1.9,4.5,2.8,4,4.9,"21195"
22,13.1,33,84.7,13.9,6.2,12.1,4.5,4.7,14.3,15.3,6.4,3.7,1.9,3.9,7.2,4.7,7.2,7,"giberela"
23,7.3,21.3,52.7,10,4.2,9.7,3,2.8,8,10.5,4.7,2.7,1,1.9,4.5,2.8,4,4.2,"21198"
23,7.3,21.3,52.7,10,4.2,9.7,3,2.8,8.7,10.9,4.7,2.7,1,1.9,3.6,2.8,3.2,3.5,"21202"
23,7.3,22.4,50.4,9,4.2,9.7,3,2.8,8.7,11.3,5.3,2.7,1,1.9,4.5,2.8,3.2,3.5,"21210"
23,7.3,22.4,53.8,10,4.2,9.7,3,3.3,9.1,10.9,4.7,2.7,1,1.9,4.5,2.8,4,4.2,"21197"
23,7.3,22.4,55,10,4.2,9.7,2.5,2.8,8,10.9,4.7,2.7,1,1.9,4.5,1.9,3.2,3.5,"21227"
23,7.3,22.4,59.6,11,4.2,9.7,3,3.3,9.5,10.9,4.7,2.7,1,1.9,3.6,2.8,3.2,4.2,"sadio"
23,8.7,22.4,56.1,10,4.2,9.7,2.5,2.8,8,10.9,4.7,2.7,1,1.9,5.4,1.9,3.2,4.2,"21200"
23,8.7,22.4,56.1,10,4.2,9.7,3,2.8,8.7,10.9,5.3,2.7,1,1.9,4.5,2.8,4,4.2,"21201"
23,8.7,23.4,52.7,10,4.2,9.7,3,3.3,9.1,11.3,5.3,2.7,1,1.9,4.5,2.8,4,4.2,"21199"
23,8.7,24.5,55,10,4.2,9.7,3,2.8,9.1,11.3,5.3,2.7,1,1.9,4.5,2.8,4,4.2,"21196"
23,8.7,26.6,64.1,11,4.2,9.7,3,2.8,9.1,12.1,5.3,2.7,1,1.9,4.5,2.8,4,4.9,"21195"
23,13.1,33,84.7,13.9,6.2,12.1,4.5,4.7,13.9,14.9,6.4,3.7,1.9,3.9,7.2,4.7,7.2,7,"giberela"
24,7.3,21.3,52.7,10,4.2,9.7,3,2.8,8,10.5,4.7,2.7,1,1.9,4.5,2.8,4,4.2,"21198"
24,7.3,21.3,52.7,10,4.2,9.7,3,2.8,8.7,10.9,4.7,2.7,1,1.9,3.6,2.8,3.2,3.5,"21202"
24,7.3,22.4,51.5,10,4.2,9.7,3,2.8,8.7,11.3,5.3,2.7,1,1.9,4.5,2.8,3.2,3.5,"21210"
24,7.3,22.4,55,10,4.2,9.7,2.5,2.8,8,10.9,4.7,2.7,1,1.9,4.5,1.9,3.2,3.5,"21227"
24,7.3,22.4,59.6,11,4.2,9.7,3,3.3,9.5,10.9,4.7,2.7,1,1.9,3.6,2.8,3.2,4.2,"sadio"
24,7.3,23.4,56.1,10,4.2,9.7,3,3.3,9.1,11.3,4.7,2.7,1,1.9,4.5,2.8,4,4.2,"21197"
24,8.7,22.4,56.1,10,4.2,9.7,2.5,2.8,8,10.9,4.7,2.7,1,1.9,4.5,1.9,3.2,4.2,"21200"
24,8.7,22.4,56.1,10,4.2,9.7,3,2.8,8.7,11.3,5.3,2.7,1,1.9,4.5,2.8,4,4.2,"21201"
24,8.7,23.4,52.7,10,4.2,9.7,3,3.3,9.1,11.3,5.3,2.7,1,1.9,4.5,2.8,4,4.2,"21199"
24,8.7,24.5,56.1,10,4.2,9.7,3,2.8,9.1,11.3,5.3,2.7,1,1.9,4.5,2.8,4,4.2,"21196"
24,8.7,26.6,64.1,11,4.2,9.7,3,2.8,8.7,12.1,5.3,2.7,1,1.9,4.5,2.8,4,4.9,"21195"
24,13.1,33,84.7,13.9,6.2,12.1,4.5,4.7,13.9,14.9,6.4,3.7,1.9,3.9,7.2,4.7,7.2,7,"giberela"
25,7.3,21.3,52.7,10,4.2,9.7,3,2.8,8,10.5,4.7,2.7,1,1.9,4.5,2.8,4,4.2,"21198"
25,7.3,21.3,52.7,10,4.2,9.7,3,2.8,8.7,10.9,4.7,2.7,1,1.9,3.6,2.8,3.2,3.5,"21202"
25,7.3,22.4,51.5,10,4.2,9.7,3,2.8,8.7,11.3,5.3,2.7,1,1.9,4.5,2.8,3.2,3.5,"21210"
25,7.3,22.4,55,10,4.2,9.7,2.5,2.8,8,10.9,4.7,2.7,1,1.9,4.5,1.9,3.2,3.5,"21227"
25,7.3,22.4,59.6,11,4.2,9.7,3,3.3,9.1,10.9,4.7,2.7,1,1.9,3.6,2.8,3.2,4.2,"sadio"
25,7.3,23.4,56.1,10,4.2,9.7,3,3.3,8.7,11.3,4.7,2.7,1,1.9,4.5,2.8,4,4.2,"21197"
25,8.7,22.4,56.1,10,4.2,9.7,3,2.8,8.7,11.3,5.3,2.7,1,1.9,4.5,2.8,4,4.2,"21201"
25,8.7,22.4,57.3,10,4.2,9.7,2.5,2.8,8,10.9,4.7,2.7,1,1.9,4.5,1.9,3.2,4.2,"21200"
25,8.7,23.4,52.7,10,4.2,9.7,3,3.3,9.1,11.3,5.3,2.7,1,1.9,5.4,2.8,4,4.2,"21199"
25,8.7,24.5,56.1,10,4.2,9.7,3,2.8,9.1,11.3,5.3,2.7,1,1.9,4.5,2.8,4,4.2,"21196"
25,8.7,26.6,65.3,11,4.2,9.7,3,2.8,8.7,12.1,5.3,2.7,1,1.9,4.5,2.8,4,4.9,"21195"
25,13.1,33,84.7,13.9,6.2,12.1,4.5,4.7,13.9,14.9,6.4,3.7,1.9,3.9,7.2,4.7,7.2,7,"giberela"
26,7.3,21.3,52.7,9,4.2,9.7,3,2.8,8,10.5,4.7,2.7,1,1.9,4.5,2.8,4,4.2,"21198"
26,7.3,22.4,52.7,10,4.2,9.7,3,2.8,8.7,10.9,4.7,2.7,1,1.9,4.5,2.8,3.2,3.5,"21202"
26,7.3,22.4,55,10,4.2,9.7,2.5,2.8,8,10.9,4.7,2.7,1,1.9,4.5,1.9,3.2,3.5,"21227"
26,7.3,22.4,57.3,10,4.2,9.7,2.5,2.8,8,10.9,4.7,2.7,1,1.9,4.5,1.9,3.2,4.2,"21200"
26,7.3,22.4,58.4,11,4.2,9.7,3,3.3,9.5,10.9,4.7,2.7,1,1.9,3.6,2.8,3.2,4.2,"sadio"
26,7.3,23.4,51.5,10,4.2,9.7,3,2.8,8.7,11.3,5.3,2.7,1,1.9,4.5,1.9,3.2,3.5,"21210"
26,7.3,23.4,56.1,10,4.2,9.7,3,3.3,8.7,11.3,4.7,2.7,1,1.9,4.5,2.8,4,4.2,"21197"
26,8.7,22.4,55,10,4.2,9.7,3,2.8,8.7,11.3,5.3,2.7,1,1.9,4.5,2.8,4,4.2,"21201"
26,8.7,23.4,52.7,10,4.2,9.7,3,3.3,9.1,11.3,5.3,2.7,1,1.9,5.4,2.8,4,4.2,"21199"
26,8.7,24.5,56.1,10,4.2,9.7,3,2.8,9.1,11.3,5.3,2.7,1,1.9,4.5,2.8,4,4.2,"21196"
26,8.7,25.6,66.4,11,4.2,9.7,3,2.8,8.4,12.1,5.3,2.7,1,1.9,4.5,2.8,4,4.9,"21195"
26,13.1,33,85.9,13.9,6.2,12.1,4.5,4.7,13.9,14.9,6.4,3.7,1.9,3.9,7.2,4.7,7.2,7,"giberela"
27,7.3,22.4,52.7,10,4.2,9.7,3,2.8,8.7,10.9,4.7,2.7,1,1.9,4.5,2.8,3.2,3.5,"21202"
27,7.3,22.4,55,10,4.2,9.7,2.5,2.8,8,10.9,4.7,2.7,1,1.9,4.5,1.9,3.2,3.5,"21227"
27,7.3,22.4,57.3,10,4.2,9.7,2.5,2.8,8,10.9,4.7,2.7,1,1.9,4.5,1.9,3.2,3.5,"21200"
27,7.3,23.4,52.7,10,4.2,9.7,3,2.8,8.4,11.3,4.7,2.7,1,1.9,4.5,2.8,3.2,3.5,"21210"
27,7.3,23.4,56.1,10,4.2,9.7,3,3.3,8.7,11.3,4.7,2.7,1,1.9,4.5,2.8,4,4.2,"21197"
27,7.3,23.4,59.6,11,4.2,9.7,3,3.3,9.5,10.9,4.7,2.7,1,1.9,3.6,2.8,3.2,4.2,"sadio"
27,8.7,21.3,52.7,9,4.2,9.7,3,2.8,8,10.5,4.7,2.7,1,1.9,4.5,2.8,4,4.2,"21198"
27,8.7,22.4,56.1,10,4.2,9.7,3,2.8,8.7,11.3,5.3,2.7,1,1.9,4.5,2.8,4,4.2,"21201"
27,8.7,23.4,53.8,10,4.2,9.7,3,2.8,8.7,11.3,5.3,2.7,1,1.9,5.4,2.8,4,4.2,"21199"
27,8.7,24.5,55,10,4.2,9.7,3,2.8,9.1,11.3,5.3,2.7,1,1.9,4.5,2.8,4,4.2,"21196"
27,8.7,25.6,66.4,11.9,4.2,9.7,3,2.8,8.4,12.1,5.3,2.7,1,1.9,4.5,2.8,4,4.9,"21195"
27,13.1,33,85.9,13.9,6.2,12.1,4.5,4.7,13.9,14.9,6.4,3.7,1.9,3.9,7.2,4.7,7.2,7,"giberela"
28,7.3,22.4,52.7,10,4.2,9.7,3,2.8,8.7,10.9,4.7,2.7,1,1.9,4.5,2.8,3.2,3.5,"21202"
28,7.3,22.4,56.1,10,4.2,9.7,2.5,2.8,8,10.9,4.7,2.7,1,1.9,4.5,1.9,3.2,3.5,"21227"
28,7.3,23.4,52.7,10,4.2,9.7,3,2.8,8.4,11.3,5.3,2.7,1,1.9,4.5,1.9,3.2,3.5,"21210"
28,7.3,23.4,55,10,4.2,9.7,3,3.3,8.7,11.3,4.7,2.7,1,1.9,4.5,2.8,4,4.2,"21197"
28,7.3,23.4,59.6,11,4.2,9.7,3,3.3,9.5,11.3,5.3,2.7,1,1.9,3.6,2.8,4,3.5,"sadio"
28,8.7,21.3,52.7,10,4.2,9.7,3,2.8,8,10.5,4.7,2.7,1,1.9,5.4,2.8,4,4.2,"21198"
28,8.7,22.4,57.3,10,4.2,9.7,2.5,2.8,8,10.9,4.7,2.7,1,1.9,4.5,2.8,3.2,3.5,"21200"
28,8.7,23.4,56.1,10,4.2,9.7,3,2.8,8.7,11.3,5.3,2.7,1,1.9,4.5,2.8,4,4.2,"21201"
28,8.7,24.5,55,10,4.2,9.7,3,2.8,8.4,11.3,5.3,2.7,1,1.9,5.4,2.8,4,4.2,"21199"
28,8.7,24.5,55,10,4.2,9.7,3,2.8,9.1,11.3,5.3,2.7,1,1.9,4.5,2.8,4,4.2,"21196"
28,8.7,25.6,67.6,11.9,4.2,9.7,3,2.8,8.4,12.1,5.3,2.7,1,1.9,4.5,2.8,4,4.9,"21195"
28,13.1,33,85.9,13.9,6.2,12.1,4.5,4.7,13.9,14.9,6.4,3.7,1.9,3.9,7.2,4.7,7.2,7,"giberela"
29,7.3,21.3,51.5,9,4.2,9.7,3,2.8,8.7,10.9,4.7,2.7,1,1.9,4.5,2.8,3.2,3.5,"21202"
29,7.3,22.4,53.8,10,4.2,9.7,3,2.8,7.6,10.5,4.7,2.7,1,1.9,5.4,2.8,4,4.2,"21198"
29,7.3,22.4,56.1,10,4.2,9.7,2.5,2.8,8,10.9,4.7,2.7,1,1.9,4.5,1.9,3.2,3.5,"21227"
29,7.3,23.4,52.7,10,4.2,9.7,3,2.8,8.4,11.3,4.7,2.7,1,1.9,4.5,1.9,3.2,3.5,"21210"
29,7.3,23.4,55,10,4.2,9.7,3,3.3,8.7,11.3,4.7,2.7,1,1.9,4.5,2.8,4,4.2,"21197"
29,7.3,23.4,60.7,11,4.2,9.7,3.5,3.3,9.5,11.3,5.3,2.7,1,1.9,3.6,2.8,4,3.5,"sadio"
29,8.7,22.4,58.4,10,4.2,9.7,2.5,2.8,8,10.9,4.7,2.7,1,1.9,4.5,2.8,3.2,3.5,"21200"
29,8.7,23.4,56.1,10,4.2,9.7,3,2.8,8.7,11.3,5.3,2.7,1,1.9,4.5,2.8,4,4.2,"21201"
29,8.7,24.5,55,10,4.2,9.7,3,2.8,8.4,11.3,5.3,2.7,1,1.9,5.4,2.8,4,4.2,"21199"
29,8.7,24.5,55,10,4.2,9.7,3,2.8,8.7,11.3,5.3,2.7,1,1.9,4.5,2.8,4,4.2,"21196"
29,8.7,25.6,67.6,11.9,4.2,9.7,3,2.8,8,12.1,5.3,2.7,1,1.9,4.5,2.8,4,4.9,"21195"
29,13.1,33,85.9,13.9,6.2,12.1,4.5,4.7,13.9,14.9,6.4,3.7,1.9,3.9,7.2,4.7,7.2,7,"giberela"
30,7.3,21.3,51.5,9,4.2,9.7,3,2.8,8.7,10.9,4.7,2.7,1,1.9,4.5,2.8,3.2,3.5,"21202"
30,7.3,22.4,53.8,10,4.2,9.7,3,2.8,7.6,10.5,4.7,2.7,1,1.9,4.5,2.8,4,4.2,"21198"
30,7.3,22.4,56.1,10,4.2,9.7,2.5,2.8,8,10.9,4.7,2.7,1,1.9,4.5,1.9,3.2,3.5,"21227"
30,7.3,22.4,58.4,10,4.2,9.7,2.5,2.8,8,10.9,4.7,2.7,1,1.9,4.5,2.8,3.2,3.5,"21200"
30,7.3,23.4,52.7,10,4.2,9.7,3,2.8,8.4,11.7,4.7,2.7,1,1.9,4.5,1.9,3.2,3.5,"21210"
30,7.3,23.4,55,10,4.2,9.7,3,3.3,8.7,11.3,4.7,2.7,1,1.9,4.5,2.8,4,4.2,"21197"
30,7.3,23.4,60.7,11,4.2,9.7,3.5,3.3,9.5,11.3,5.3,2.7,1,1.9,3.6,2.8,4,3.5,"sadio"
30,8.7,23.4,57.3,10,4.2,9.7,3,2.8,8.7,11.3,5.3,2.7,1,1.9,4.5,2.8,4,4.2,"21201"
30,8.7,24.5,56.1,10,4.2,9.7,3,2.8,8.7,11.3,5.3,2.7,1,1.9,4.5,2.8,4,4.2,"21196"
30,8.7,24.5,57.3,11,4.2,9.7,3,2.8,8.4,11.3,5.3,2.7,1,1.9,4.5,2.8,4,4.2,"21199"
30,8.7,25.6,67.6,11.9,4.2,9.7,3,2.8,8,12.1,5.3,2.7,1,1.9,4.5,2.8,4,4.9,"21195"
30,13.1,33,85.9,13.9,6.2,12.1,4.5,4.7,13.9,15.3,6.4,3.7,1.9,3.9,7.2,4.7,7.2,7,"giberela"
31,7.3,21.3,51.5,9,4.2,9.7,3,2.8,8.7,10.9,4.7,2.7,1,1.9,4.5,2.8,3.2,3.5,"21202"
31,7.3,22.4,56.1,10,4.2,9.7,2.5,2.8,7.6,10.9,4.7,2.7,1,1.9,4.5,1.9,3.2,3.5,"21227"
31,7.3,22.4,56.1,10,4.2,9.7,3,2.8,7.6,10.5,4.7,2.7,1,1.9,4.5,1.9,4,4.2,"21198"
31,7.3,22.4,58.4,10,4.2,9.7,2.5,2.8,8,10.9,5.3,2.7,1,1.9,4.5,1.9,3.2,3.5,"21200"
31,7.3,23.4,52.7,10,4.2,9.7,3,2.8,8.4,11.3,4.7,2.7,1,1.9,4.5,1.9,3.2,3.5,"21210"
31,7.3,23.4,53.8,10,4.2,9.7,3,2.8,8.7,11.3,4.7,2.7,1,1.9,4.5,2.8,4,4.2,"21197"
31,7.3,23.4,59.6,11,4.2,9.7,3.5,3.3,9.5,11.3,5.3,2.7,1,1.9,3.6,2.8,4,3.5,"sadio"
31,8.7,23.4,58.4,11,4.2,9.7,3,2.8,8.4,11.3,5.3,2.7,1,1.9,4.5,2.8,4,4.2,"21201"
31,8.7,24.5,56.1,10,4.2,9.7,3,2.8,8.7,11.3,5.3,2.7,1,1.9,4.5,2.8,4,4.2,"21196"
31,8.7,24.5,59.6,11,4.2,9.7,3,2.8,8,11.3,5.3,2.7,1,1.9,4.5,2.8,4,4.2,"21199"
31,8.7,25.6,67.6,11.9,4.2,9.7,3,2.8,8,12.1,5.3,2.7,1,1.9,4.5,2.8,4,4.9,"21195"
31,11.7,34.1,84.7,14.9,6.2,13.3,4.5,4.7,14.3,16.1,6.4,3.7,1.9,3.9,7.2,4.7,7.2,7,"giberela"
32,7.3,21.3,50.4,9,4.2,9.7,3,2.8,8.7,10.9,4.7,2.7,1,1.9,4.5,2.8,3.2,3.5,"21202"
32,7.3,22.4,55,10,4.2,9.7,3,2.8,7.6,10.5,4.7,2.7,1,1.9,4.5,1.9,4,4.2,"21198"
32,7.3,22.4,56.1,10,4.2,9.7,2.5,2.8,7.6,10.9,4.7,2.7,1,1.9,4.5,1.9,3.2,3.5,"21227"
32,7.3,22.4,58.4,10,4.2,9.7,2.5,2.8,8,10.9,5.3,2.7,1,1.9,4.5,1.9,3.2,3.5,"21200"
32,7.3,23.4,52.7,10,4.2,9.7,3,2.8,8,11.3,4.7,2.7,1,1.9,4.5,1.9,3.2,3.5,"21210"
32,7.3,23.4,55,10,4.2,9.7,3,2.8,8.7,11.3,4.7,2.7,1,1.9,4.5,2.8,4,4.2,"21197"
32,7.3,23.4,60.7,11,4.2,9.7,3.5,3.3,9.5,11.3,5.3,2.7,1,1.9,3.6,2.8,4,4.2,"sadio"
32,8.7,23.4,58.4,11,4.2,9.7,3,2.8,8.4,11.3,5.3,2.7,1,1.9,4.5,2.8,4,4.2,"21201"
32,8.7,24.5,56.1,11,4.2,9.7,3,2.8,8.7,11.3,5.3,2.7,1,1.9,4.5,2.8,4,4.2,"21196"
32,8.7,24.5,60.7,11,4.2,9.7,3,2.8,8,11.3,5.3,2.7,1,1.9,4.5,2.8,4,4.2,"21199"
32,8.7,25.6,67.6,11,4.2,9.7,3,2.8,8,12.1,5.3,2.7,1,1.9,4.5,2.8,4,4.9,"21195"
32,11.7,35.2,84.7,14.9,6.2,13.3,5,4.7,14.3,16.1,6.4,3.7,1.9,3.9,7.2,4.7,7.2,7,"giberela"
33,7.3,21.3,50.4,9,4.2,9.7,3,2.8,8.7,10.9,4.7,2.7,1,1.9,4.5,2.8,3.2,3.5,"21202"
33,7.3,22.4,55,10,4.2,8.5,3,2.8,7.2,10.5,4.7,2.7,1,1.9,4.5,1.9,4,4.2,"21198"
33,7.3,22.4,56.1,11,4.2,9.7,2.5,2.8,7.6,10.9,4.7,2.7,1,1.9,4.5,1.9,3.2,3.5,"21227"
33,7.3,22.4,58.4,10,4.2,9.7,2.5,2.8,8,10.9,5.3,2.7,1,1.9,4.5,1.9,3.2,3.5,"21200"
33,7.3,23.4,53.8,10,4.2,9.7,3,2.8,8,11.7,4.7,2.7,1,1.9,4.5,1.9,3.2,3.5,"21210"
33,7.3,23.4,56.1,10,4.2,9.7,3,2.8,8.7,11.3,4.7,2.7,1,1.9,4.5,2.8,4,4.2,"21197"
33,7.3,24.5,60.7,11,4.2,9.7,3.5,3.3,9.5,11.7,5.3,2.7,1,1.9,3.6,2.8,4,4.2,"sadio"
33,8.7,23.4,59.6,11,4.2,9.7,3,2.8,8,11.3,4.7,2.7,1,1.9,4.5,2.8,4,4.2,"21201"
33,8.7,24.5,57.3,11,4.2,9.7,3,2.8,8.7,11.3,5.3,2.7,1,1.9,4.5,2.8,4,4.2,"21196"
33,8.7,24.5,61.8,11,4.2,9.7,3,2.8,8,11.3,5.3,2.7,1,1.9,4.5,2.8,4,4.2,"21199"
33,8.7,25.6,66.4,11,4.2,9.7,3,2.8,8.7,12.1,5.3,2.7,1,1.9,4.5,2.8,4,4.9,"21195"
33,11.7,36.2,83.6,14.9,6.2,13.3,5,5.1,14.3,16.5,6.4,3.7,1.9,2.9,6.3,4.7,7.2,7,"giberela"
34,7.3,21.3,50.4,9,4.2,9.7,3,2.8,8.7,10.9,4.7,2.7,1,1.9,4.5,2.8,3.2,3.5,"21202"
34,7.3,22.4,56.1,10,4.2,8.5,3,2.8,7.2,10.5,4.7,2.7,1,1.9,4.5,1.9,4,4.2,"21198"
34,7.3,22.4,57.3,11,4.2,9.7,2.5,2.8,7.6,10.9,4.7,2.7,1,1.9,4.5,1.9,3.2,3.5,"21227"
34,7.3,22.4,58.4,10,4.2,9.7,2.5,2.8,8,10.9,5.3,2.7,1,1.9,4.5,1.9,3.2,4.2,"21200"
34,7.3,23.4,55,10,4.2,9.7,3,2.8,8,11.7,4.7,2.7,1,1.9,4.5,1.9,3.2,4.2,"21210"
34,7.3,23.4,57.3,10,4.2,9.7,3,2.8,8.4,11.3,4.7,2.7,1,1.9,4.5,2.8,4,4.2,"21197"
34,7.3,23.4,60.7,11,4.2,9.7,3.5,3.3,9.5,11.7,5.3,2.7,1,1.9,3.6,2.8,4,4.2,"sadio"
34,8.7,23.4,59.6,11,4.2,9.7,3,2.8,8,10.9,4.7,2.7,1,1.9,4.5,2.8,4,4.2,"21201"
34,8.7,24.5,57.3,11,4.2,9.7,3,2.8,8.7,11.3,5.3,2.7,1,1.9,4.5,2.8,4,4.2,"21196"
34,8.7,24.5,61.8,11,4.2,9.7,3,2.8,8,11.3,5.3,2.7,1,1.9,4.5,2.8,4,4.2,"21199"
34,8.7,25.6,66.4,11,4.2,9.7,3,2.8,8.4,12.1,5.3,2.7,1,1.9,4.5,2.8,4,4.9,"21195"
34,11.7,36.2,82.5,14.9,6.2,13.3,5,5.1,14.3,16.9,6.4,3.7,1.9,2.9,6.3,4.7,7.2,7,"giberela"
35,7.3,21.3,50.4,9,4.2,9.7,3,2.8,8.7,10.9,4.7,2.7,1,1.9,4.5,2.8,3.2,3.5,"21202"
35,7.3,22.4,57.3,10,4.2,8.5,3,2.8,7.2,10.5,4.7,2.7,1,1.9,4.5,1.9,3.2,4.2,"21198"
35,7.3,22.4,57.3,11,4.2,9.7,2.5,2.3,7.6,10.9,4.7,2.7,1,1.9,3.6,1.9,3.2,3.5,"21227"
35,7.3,22.4,58.4,10,4.2,9.7,2.5,2.8,8,10.9,5.3,2.7,1,1.9,4.5,1.9,3.2,4.2,"21200"
35,7.3,23.4,56.1,11,4.2,9.7,3,2.8,8,11.7,4.7,2.7,1,1.9,4.5,1.9,3.2,4.2,"21210"
35,7.3,23.4,57.3,10,4.2,9.7,3,2.8,8.4,11.3,4.7,2.7,1,1.9,4.5,2.8,4,4.2,"21197"
35,7.3,23.4,60.7,11,4.2,9.7,3,3.3,9.5,11.7,5.3,2.7,1,1.9,3.6,2.8,4,4.2,"sadio"
35,8.7,23.4,59.6,11,4.2,9.7,3,2.8,8,10.9,4.7,2.7,1,1.9,4.5,1.9,3.2,4.2,"21201"
35,8.7,24.5,57.3,11,4.2,9.7,3,2.8,8.4,11.3,5.3,2.7,1,1.9,4.5,2.8,4,4.2,"21196"
35,8.7,24.5,61.8,11,4.2,9.7,3,2.8,8,11.3,5.3,2.7,1,1.9,4.5,2.8,4,4.2,"21199"
35,8.7,26.6,65.3,11,4.2,9.7,3,2.8,8.4,12.1,5.3,2.7,1,1.9,4.5,2.8,4,4.9,"21195"
35,11.7,37.3,81.3,14.9,6.2,13.3,5,5.1,13.9,16.9,6.4,3.7,1.9,2.9,6.3,4.7,7.2,7,"giberela"
36,7.3,21.3,50.4,9,4.2,9.7,3,2.8,8.7,10.9,4.7,2.7,1,1.9,4.5,2.8,3.2,3.5,"21202"
36,7.3,22.4,57.3,10,4.2,8.5,3,2.8,7.2,10.5,4.7,2.7,1,1.9,4.5,1.9,3.2,4.2,"21198"
36,7.3,22.4,57.3,11,4.2,9.7,2.5,2.3,7.6,10.9,4.7,2.7,1,1.9,3.6,1.9,3.2,3.5,"21227"
36,7.3,23.4,56.1,11,4.2,9.7,3,2.8,8,11.7,4.7,2.7,1,1.9,4.5,1.9,3.2,4.2,"21210"
36,7.3,23.4,57.3,10,4.2,9.7,3,2.8,8.4,11.3,4.7,2.7,1,1.9,4.5,2.8,4,4.2,"21197"
36,7.3,23.4,58.4,10,4.2,9.7,2.5,2.8,8.4,10.9,5.3,2.7,1,1.9,4.5,1.9,3.2,4.2,"21200"
36,7.3,24.5,60.7,11,4.2,9.7,3,3.3,9.5,11.7,5.3,2.7,1,1.9,3.6,2.8,4,4.2,"sadio"
36,8.7,23.4,60.7,11,4.2,9.7,3,2.8,8,10.9,4.7,2.7,1,1.9,4.5,1.9,3.2,4.2,"21201"
36,8.7,24.5,57.3,11,4.2,9.7,3,2.8,8.4,11.3,5.3,2.7,1,1.9,4.5,2.8,4,4.2,"21196"
36,8.7,24.5,61.8,11,4.2,9.7,3,2.8,8,11.3,5.3,2.7,1,1.9,4.5,2.8,4,4.2,"21199"
36,8.7,26.6,65.3,11,4.2,9.7,3,2.8,8.4,12.1,5.3,2.7,1,1.9,4.5,2.8,4,4.9,"21195"
36,11.7,37.3,81.3,14.9,6.2,13.3,5,4.7,13.5,16.9,6.4,3.7,1.9,2.9,6.3,4.7,6.4,7,"giberela"
37,7.3,21.3,50.4,9,4.2,9.7,3,2.8,8.7,10.9,4.7,2.7,1,1.9,4.5,2.8,3.2,3.5,"21202"
37,7.3,22.4,57.3,10,4.2,8.5,3,2.8,7.2,10.5,4.7,2.7,1,1.9,3.6,1.9,3.2,4.2,"21198"
37,7.3,22.4,58.4,11,4.2,9.7,2.5,2.3,7.6,10.9,4.7,2.7,1,1.9,3.6,1.9,3.2,3.5,"21227"
37,7.3,23.4,57.3,10,4.2,9.7,3,2.8,8.4,11.3,4.7,2.7,1,1.9,4.5,2.8,4,4.2,"21197"
37,7.3,23.4,58.4,10,4.2,9.7,2.5,2.8,8.4,10.9,5.3,2.7,1,1.9,4.5,2.8,3.2,4.2,"21200"
37,7.3,23.4,58.4,11,4.2,9.7,3,2.8,8,11.7,5.3,2.7,1,1.9,4.5,1.9,3.2,4.2,"21210"
37,7.3,24.5,60.7,11,4.2,9.7,3,3.3,9.5,11.7,5.3,2.7,1,1.9,3.6,2.8,4,4.2,"sadio"
37,8.7,23.4,60.7,11,4.2,9.7,3,2.8,8,10.9,4.7,2.7,1,1.9,4.5,1.9,3.2,4.2,"21201"
37,8.7,24.5,58.4,11,4.2,9.7,3,2.8,8.4,11.3,5.3,2.7,1,1.9,4.5,2.8,4,4.2,"21196"
37,8.7,24.5,61.8,11,4.2,9.7,3,2.8,8,11.3,5.3,2.7,1,1.9,4.5,2.8,4,4.2,"21199"
37,8.7,26.6,65.3,11,4.2,9.7,3,2.8,8.4,12.1,5.3,2.7,1,1.9,4.5,2.8,4,4.9,"21195"
37,11.7,37.3,81.3,14.9,6.2,13.3,5,4.7,13.5,16.9,6.4,3.7,1.9,2.9,6.3,4.7,6.4,7,"giberela"
38,7.3,22.4,51.5,9,4.2,9.7,3,2.8,8.7,10.9,4.7,2.7,1,1.9,4.5,2.8,3.2,3.5,"21202"
38,7.3,22.4,57.3,10,4.2,9.7,3,2.8,7.2,10.5,4.7,2.7,1,1.9,3.6,1.9,4,4.2,"21198"
38,7.3,22.4,58.4,11,4.2,9.7,2.5,2.3,7.2,10.9,4.7,2.7,1,1.9,3.6,1.9,3.2,3.5,"21227"
38,7.3,23.4,57.3,10,4.2,9.7,2.5,2.8,8.4,10.9,5.3,2.7,1,1.9,4.5,2.8,3.2,4.2,"21200"
38,7.3,23.4,58.4,10,4.2,9.7,3,2.8,8.4,11.3,4.7,2.7,1,1.9,4.5,2.8,4,4.2,"21197"
38,7.3,23.4,59.6,11,4.2,9.7,3,2.8,8,11.3,5.3,2.7,1,1.9,3.6,2.8,4,4.2,"21210"
38,7.3,24.5,60.7,11,4.2,9.7,3,3.3,9.5,11.7,5.3,2.7,1,1.9,3.6,2.8,4,4.2,"sadio"
38,8.7,23.4,60.7,11,4.2,9.7,2.5,2.8,8,10.9,4.7,2.7,1,1.9,4.5,1.9,3.2,4.2,"21201"
38,8.7,24.5,60.7,11,4.2,9.7,3,2.8,8,11.3,5.3,2.7,1,1.9,4.5,2.8,4,4.2,"21196"
38,8.7,24.5,61.8,11,4.2,9.7,3,2.8,8,11.3,5.3,2.7,1,1.9,4.5,2.8,4,4.2,"21199"
38,8.7,25.6,65.3,11,4.2,9.7,3,2.8,8.4,12.1,5.3,2.7,1,1.9,4.5,2.8,4,4.9,"21195"
38,11.7,37.3,80.2,14.9,6.2,13.3,5,4.7,13.5,16.9,6.4,3.7,1.9,2.9,6.3,4.7,6.4,7,"giberela"
39,7.3,22.4,51.5,10,4.2,9.7,3,2.8,8.4,10.9,4.7,2.7,1,1.9,4.5,2.8,3.2,3.5,"21202"
39,7.3,22.4,57.3,10,4.2,9.7,3,2.8,7.6,10.5,4.7,2.7,1,1.9,3.6,1.9,4,4.2,"21198"
39,7.3,22.4,59.6,11,4.2,9.7,2.5,2.3,7.2,10.9,4.7,2.7,1,1.9,3.6,1.9,3.2,3.5,"21227"
39,7.3,23.4,57.3,10,4.2,9.7,2.5,2.8,8.4,10.9,5.3,2.7,1,1.9,4.5,2.8,3.2,4.2,"21200"
39,7.3,23.4,58.4,10,4.2,9.7,3,2.8,8.4,11.3,4.7,2.7,1,1.9,4.5,2.8,4,4.2,"21197"
39,7.3,24.5,60.7,11,4.2,9.7,3,3.3,9.5,11.7,5.3,2.7,1,1.9,3.6,2.8,4,4.2,"sadio"
39,8.7,23.4,59.6,11,4.2,9.7,3,2.8,8,11.3,5.3,2.7,1,1.9,4.5,2.8,4,4.2,"21210"
39,8.7,23.4,60.7,11,4.2,9.7,2.5,2.8,8,10.9,4.7,2.7,1,1.9,4.5,1.9,3.2,4.2,"21201"
39,8.7,24.5,60.7,11,4.2,9.7,3,2.8,8,11.3,5.3,2.7,1,1.9,4.5,2.8,4,4.2,"21196"
39,8.7,24.5,61.8,11,4.2,9.7,3,2.8,8.4,11.3,5.3,2.7,1,1.9,4.5,2.8,4,4.2,"21199"
39,8.7,26.6,64.1,11,4.2,9.7,3,2.8,8.4,12.1,5.3,2.7,1,1.9,4.5,2.8,4,4.9,"21195"
39,11.7,37.3,80.2,14.9,6.2,13.3,5,4.7,13.5,16.9,6.4,3.7,1.9,2.9,6.3,4.7,6.4,7,"giberela"
40,7.3,22.4,52.7,10,4.2,9.7,3,2.8,8.4,10.9,4.7,2.7,1,1.9,4.5,2.8,3.2,3.5,"21202"
40,7.3,22.4,57.3,10,4.2,9.7,3,2.8,7.6,10.5,4.7,2.7,1,1.9,3.6,2.8,4,4.2,"21198"
40,7.3,22.4,60.7,11,4.2,9.7,2.5,2.3,7.2,10.9,4.7,2.7,1,1.9,3.6,1.9,3.2,3.5,"21227"
40,7.3,23.4,57.3,10,4.2,9.7,2.5,2.8,8.4,10.9,5.3,2.7,1,1.9,4.5,2.8,3.2,4.2,"21200"
40,7.3,24.5,60.7,11,4.2,9.7,3,3.3,9.5,11.7,5.3,2.7,1,1.9,3.6,2.8,4,4.2,"sadio"
40,8.7,23.4,58.4,10,4.2,9.7,3,2.8,8.4,11.3,4.7,2.7,1,1.9,4.5,2.8,4,4.2,"21197"
40,8.7,23.4,59.6,11,4.2,9.7,3,2.8,8.4,11.3,5.3,2.7,1,1.9,4.5,2.8,4,4.2,"21210"
40,8.7,23.4,60.7,11,4.2,9.7,3,2.8,8,10.9,4.7,2.7,1,1.9,4.5,1.9,3.2,4.2,"21201"
40,8.7,24.5,61.8,11,4.2,9.7,3,2.8,8,11.3,5.3,2.7,1,1.9,4.5,2.8,4,4.2,"21196"
40,8.7,24.5,61.8,11,4.2,9.7,3,2.8,8.4,11.3,5.3,2.7,1,1.9,4.5,2.8,4,4.2,"21199"
40,8.7,26.6,64.1,11,4.2,9.7,3,2.8,8.4,12.1,5.3,2.7,1,1.9,4.5,2.8,4,4.9,"21195"
40,11.7,37.3,81.3,14.9,6.2,13.3,5,4.7,13.5,16.9,6.4,3.7,1.9,2.9,6.3,4.7,6.4,7,"giberela"
41,7.3,22.4,52.7,10,4.2,9.7,3,2.8,8.4,10.9,4.7,2.7,1,1.9,4.5,1.9,3.2,3.5,"21202"
41,7.3,22.4,57.3,10,4.2,9.7,3,2.8,7.6,10.5,4.7,2.7,1,1.9,3.6,2.8,4,4.2,"21198"
41,7.3,22.4,60.7,11,4.2,9.7,2.5,2.8,7.6,10.9,4.7,2.7,1,1.9,3.6,1.9,3.2,3.5,"21227"
41,7.3,23.4,57.3,10,4.2,9.7,2.5,2.8,8.4,10.9,5.3,2.7,1,1.9,4.5,2.8,3.2,4.2,"21200"
41,7.3,24.5,59.6,11,4.2,9.7,3,3.3,9.1,11.7,5.3,2.7,1,1.9,3.6,2.8,4,4.2,"sadio"
41,8.7,23.4,58.4,11,4.2,9.7,3,2.8,8.4,11.3,5.3,2.7,1,1.9,3.6,2.8,4,4.2,"21210"
41,8.7,23.4,59.6,10,4.2,9.7,3,2.8,8.7,11.3,4.7,2.7,1,1.9,4.5,2.8,4,4.2,"21197"
41,8.7,23.4,61.8,11,4.2,9.7,3,2.8,8,10.9,4.7,2.7,1,1.9,4.5,1.9,3.2,4.2,"21201"
41,8.7,24.5,61.8,11,4.2,9.7,3,2.8,8.4,11.3,5.3,2.7,1,1.9,4.5,2.8,4,4.2,"21199"
41,8.7,24.5,63,11,4.2,9.7,3,2.8,8,11.3,5.3,2.7,1,1.9,4.5,2.8,4,4.2,"21196"
41,8.7,26.6,61.8,11,4.2,9.7,3,2.8,8.4,12.1,5.3,2.7,1,1.9,4.5,2.8,4,4.9,"21195"
41,11.7,37.3,81.3,14.9,6.2,13.3,5,4.7,13.5,16.5,6.4,3.7,1.9,2.9,6.3,4.7,6.4,7,"giberela"
42,7.3,22.4,53.8,10,4.2,9.7,3,2.8,8.4,11.3,4.7,2.7,1,1.9,4.5,1.9,3.2,3.5,"21202"
42,7.3,22.4,57.3,10,4.2,9.7,3,2.8,7.6,10.5,4.7,2.7,1,1.9,4.5,2.8,4,4.2,"21198"
42,7.3,22.4,61.8,11,4.2,9.7,2.5,2.8,7.6,10.9,4.7,2.7,1,1.9,3.6,1.9,3.2,3.5,"21227"
42,7.3,23.4,57.3,10,4.2,9.7,2.5,2.8,8.4,10.9,5.3,2.7,1,1.9,4.5,2.8,3.2,4.2,"21200"
42,7.3,24.5,59.6,11,4.2,9.7,3,3.3,9.1,11.7,5.3,2.7,1,1.9,3.6,2.8,4,3.5,"sadio"
42,8.7,23.4,58.4,11,4.2,9.7,3,2.8,8.4,11.3,5.3,2.7,1,1.9,3.6,2.8,4,4.2,"21210"
42,8.7,23.4,59.6,10,4.2,9.7,2.5,2.8,8.7,11.3,4.7,2.7,1,1.9,4.5,2.8,4,4.2,"21197"
42,8.7,23.4,61.8,11,4.2,9.7,3,2.8,8,10.9,4.7,2.7,1,1.9,4.5,1.9,3.2,4.2,"21201"
42,8.7,24.5,61.8,11,4.2,9.7,3,2.8,8.7,11.3,5.3,2.7,1,1.9,4.5,2.8,4,4.2,"21199"
42,8.7,24.5,63,11,4.2,9.7,3,2.8,8,11.3,5.3,2.7,1,1.9,4.5,2.8,4,4.2,"21196"
42,8.7,26.6,61.8,11,4.2,9.7,3,2.8,8.7,12.1,5.3,2.7,1,1.9,4.5,2.8,4,4.9,"21195"
42,11.7,37.3,82.5,14.9,6.2,12.1,5,4.7,13.1,16.5,6.4,3.7,1.9,2.9,6.3,4.7,6.4,7,"giberela"
43,7.3,22.4,53.8,10,4.2,9.7,3,2.8,8.4,11.3,4.7,2.7,1,1.9,4.5,1.9,3.2,3.5,"21202"
43,7.3,22.4,57.3,10,4.2,9.7,3,2.8,7.6,10.5,4.7,2.7,1,1.9,4.5,2.8,4,4.2,"21198"
43,7.3,22.4,61.8,11,4.2,9.7,2.5,2.8,7.6,10.9,4.7,2.7,1,1.9,3.6,1.9,3.2,3.5,"21227"
43,7.3,23.4,57.3,10,4.2,9.7,2.5,2.8,8.4,10.9,5.3,2.7,1,1.9,4.5,2.8,3.2,4.2,"21200"
43,7.3,23.4,58.4,11,4.2,9.7,3,2.8,8.7,11.3,5.3,2.7,1,1.9,3.6,2.8,4,4.2,"21210"
43,7.3,24.5,58.4,11,4.2,9.7,3,3.3,8.7,11.7,4.7,2.7,1,1.9,3.6,2.8,3.2,3.5,"sadio"
43,8.7,23.4,59.6,10,4.2,9.7,2.5,2.8,8.7,10.9,4.7,2.7,1,1.9,4.5,2.8,4,4.2,"21197"
43,8.7,23.4,61.8,11,4.2,9.7,3,2.8,8,10.9,4.7,2.7,1,1.9,4.5,1.9,3.2,4.2,"21201"
43,8.7,24.5,60.7,11,4.2,9.7,3,2.8,8.7,11.3,5.3,2.7,1,1.9,4.5,2.8,4,4.2,"21199"
43,8.7,24.5,63,11,4.2,9.7,3,2.8,8,11.3,5.3,2.7,1,1.9,4.5,2.8,4,4.2,"21196"
43,8.7,26.6,61.8,11,4.2,9.7,3,2.8,8.7,12.1,5.3,2.7,1,1.9,4.5,2.8,4,4.9,"21195"
43,11.7,37.3,81.3,14.9,6.2,12.1,5,4.7,13.1,16.5,6.4,3.7,1.9,2.9,7.2,4.7,6.4,6.3,"giberela"
44,7.3,21.3,57.3,10,4.2,9.7,3,2.8,8,10.5,4.7,2.7,1,1.9,3.6,2.8,4,4.2,"21198"
44,7.3,22.4,53.8,10,4.2,9.7,3,2.8,8.4,11.3,4.7,2.7,1,1.9,4.5,1.9,3.2,3.5,"21202"
44,7.3,22.4,61.8,11,4.2,9.7,2.5,2.8,7.6,10.9,4.7,2.7,1,1.9,3.6,1.9,3.2,3.5,"21227"
44,7.3,23.4,57.3,10,4.2,9.7,2.5,2.8,8.4,10.9,5.3,2.7,1,1.9,4.5,2.8,3.2,4.2,"21200"
44,7.3,23.4,57.3,10,4.2,9.7,3,3.3,8.7,11.7,4.7,2.7,1,1.9,3.6,2.8,3.2,3.5,"sadio"
44,7.3,23.4,58.4,11,4.2,9.7,3,2.8,8.7,11.3,5.3,2.7,1,1.9,3.6,2.8,4,4.2,"21210"
44,8.7,23.4,59.6,10,4.2,9.7,2.5,2.8,8.7,10.9,4.7,2.7,1,1.9,4.5,2.8,4,4.2,"21197"
44,8.7,23.4,61.8,11,4.2,9.7,3,2.8,8,10.9,4.7,2.7,1,1.9,4.5,1.9,3.2,4.2,"21201"
44,8.7,24.5,60.7,10,4.2,9.7,3,2.8,9.1,11.3,5.3,2.7,1,1.9,4.5,2.8,4,4.2,"21199"
44,8.7,24.5,63,11,4.2,9.7,3,2.8,8,11.3,5.3,2.7,1,1.9,4.5,2.8,4,4.2,"21196"
44,8.7,26.6,60.7,11,4.2,9.7,3,2.8,8.7,12.1,5.3,2.7,1,1.9,4.5,2.8,4,4.9,"21195"
44,11.7,37.3,80.2,14.9,5.2,12.1,5,4.7,13.5,16.5,6.4,3.7,1.9,2.9,6.3,4.7,6.4,6.3,"giberela"
45,7.3,21.3,56.1,10,4.2,9.7,3,2.8,8,10.5,4.7,2.7,1,1.9,3.6,2.8,4,4.2,"21198"
45,7.3,22.4,53.8,10,4.2,9.7,3,2.8,8.4,11.3,4.7,2.7,1,1.9,4.5,1.9,3.2,3.5,"21202"
45,7.3,22.4,61.8,11,4.2,9.7,2.5,2.8,8,10.9,4.7,2.7,1,1.9,3.6,1.9,3.2,3.5,"21227"
45,7.3,23.4,55,10,4.2,9.7,3,3.3,8.7,11.3,4.7,2.7,1,1.9,3.6,2.8,3.2,3.5,"sadio"
45,7.3,23.4,57.3,10,4.2,9.7,2.5,2.8,8.4,10.9,5.3,2.7,1,1.9,4.5,2.8,3.2,4.2,"21200"
45,7.3,23.4,57.3,10,4.2,9.7,3,2.8,8.7,11.3,5.3,2.7,1,1.9,3.6,2.8,4,4.2,"21210"
45,8.7,23.4,58.4,10,4.2,9.7,3,2.8,8.7,10.9,4.7,2.7,1,1.9,4.5,2.8,4,4.2,"21197"
45,8.7,23.4,61.8,11,4.2,9.7,3,2.8,8,10.9,4.7,2.7,1,1.9,4.5,1.9,3.2,4.2,"21201"
45,8.7,24.5,59.6,10,4.2,9.7,3,2.8,9.1,11.3,5.3,2.7,1,1.9,4.5,2.8,4,4.2,"21199"
45,8.7,24.5,63,11,4.2,9.7,3,2.8,8.4,11.3,5.3,2.7,1,1.9,4.5,2.8,4,4.2,"21196"
45,8.7,26.6,60.7,11,4.2,9.7,3,2.8,8.7,12.1,5.3,2.7,1,1.9,4.5,2.8,4,4.9,"21195"
45,11.7,36.2,80.2,13.9,5.2,12.1,5,4.7,13.1,16.5,6.4,3.7,1.9,2.9,7.2,4.7,6.4,6.3,"giberela"
46,7.3,21.3,56.1,10,4.2,9.7,3,2.8,8,10.5,4.7,2.7,1,1.9,3.6,2.8,4,4.2,"21198"
46,7.3,22.4,53.8,10,4.2,9.7,3,2.8,8,11.3,4.7,2.7,1,1.9,4.5,1.9,3.2,3.5,"21202"
46,7.3,22.4,61.8,11,4.2,9.7,2.5,2.8,8,10.9,4.7,2.7,1,1.9,3.6,1.9,3.2,3.5,"21227"
46,7.3,23.4,55,10,4.2,9.7,3,3.3,8.7,11.3,4.7,2.7,1,1.9,3.6,2.8,3.2,3.5,"sadio"
46,7.3,23.4,56.1,10,4.2,9.7,3,2.8,8.7,11.3,5.3,2.7,1,1.9,3.6,2.8,3.2,4.2,"21210"
46,7.3,23.4,57.3,10,4.2,9.7,2.5,2.8,8.4,10.9,5.3,2.7,1,1.9,4.5,2.8,3.2,4.2,"21200"
46,8.7,23.4,57.3,10,4.2,9.7,3,2.8,8.7,10.9,4.7,2.7,1,1.9,4.5,2.8,4,4.2,"21197"
46,8.7,23.4,57.3,10,4.2,9.7,3,2.8,9.1,11.3,5.3,2.7,1,1.9,4.5,2.8,4,4.2,"21199"
46,8.7,23.4,60.7,11,4.2,9.7,3,2.8,8.4,10.9,4.7,2.7,1,1.9,4.5,1.9,3.2,4.2,"21201"
46,8.7,24.5,63,11,4.2,9.7,3,2.8,8.4,11.3,5.3,2.7,1,1.9,4.5,2.8,4,4.2,"21196"
46,8.7,26.6,60.7,11,4.2,9.7,3,2.8,8.7,12.1,5.3,2.7,1,1.9,4.5,2.8,4,4.9,"21195"
46,11.7,36.2,80.2,13.9,5.2,12.1,5,4.7,13.1,16.5,6.4,3.7,1.9,2.9,7.2,4.7,6.4,6.3,"giberela"
47,7.3,21.3,55,10,4.2,9.7,3,2.8,8,10.5,4.7,2.7,1,1.9,4.5,2.8,4,4.2,"21198"
47,7.3,22.4,55,10,4.2,9.7,3,2.8,8,11.3,4.7,2.7,1,1.9,4.5,1.9,3.2,3.5,"21202"
47,7.3,22.4,55,10,4.2,9.7,3,2.8,8.7,11.3,5.3,2.7,1,1.9,3.6,2.8,3.2,3.5,"21210"
47,7.3,22.4,61.8,11,4.2,9.7,2.5,2.8,8,10.9,4.7,2.7,1,1.9,3.6,1.9,3.2,3.5,"21227"
47,7.3,23.4,56.1,10,4.2,9.7,3,3.3,8.7,11.3,4.7,2.7,1,1.9,3.6,2.8,3.2,3.5,"sadio"
47,7.3,23.4,57.3,10,4.2,9.7,2.5,2.8,8.4,10.9,5.3,2.7,1,1.9,4.5,2.8,3.2,4.2,"21200"
47,8.7,22.4,56.1,10,4.2,9.7,3,2.8,9.1,10.9,4.7,2.7,1,1.9,4.5,2.8,4,4.2,"21197"
47,8.7,23.4,57.3,10,4.2,9.7,3,2.8,9.1,11.3,5.3,2.7,1,1.9,4.5,2.8,4,4.2,"21199"
47,8.7,23.4,60.7,11,4.2,9.7,3,2.8,8.4,10.9,4.7,2.7,1,1.9,4.5,2.8,4,4.2,"21201"
47,8.7,24.5,63,11,4.2,9.7,3,2.8,8.4,11.3,5.3,2.7,1,1.9,4.5,2.8,4,4.2,"21196"
47,8.7,26.6,58.4,11,4.2,10.9,3,3.3,8.7,12.1,5.3,2.7,1,1.9,4.5,2.8,4,4.9,"21195"
47,11.7,36.2,80.2,13.9,5.2,12.1,5,4.7,13.1,16.5,6.4,3.7,1.9,2.9,7.2,4.7,6.4,6.3,"giberela"
48,7.3,21.3,55,10,4.2,9.7,3,2.8,8,10.5,4.7,2.7,1,1.9,4.5,2.8,4,4.2,"21198"
48,7.3,22.4,53.8,10,4.2,9.7,3,2.8,8.7,11.3,5.3,2.7,1,1.9,3.6,2.8,3.2,3.5,"21210"
48,7.3,22.4,55,10,4.2,9.7,3,2.8,8,11.3,4.7,2.7,1,1.9,4.5,1.9,3.2,3.5,"21202"
48,7.3,22.4,60.7,11,4.2,9.7,2.5,2.8,8,10.9,4.7,2.7,1,1.9,3.6,1.9,3.2,3.5,"21227"
48,7.3,23.4,56.1,10,4.2,9.7,2.5,2.8,8.4,10.9,5.3,2.7,1,1.9,4.5,2.8,3.2,4.2,"21200"
48,7.3,23.4,57.3,11,4.2,9.7,3,3.3,8.7,11.7,4.7,2.7,1,1.9,3.6,2.8,3.2,3.5,"sadio"
48,8.7,22.4,57.3,10,4.2,9.7,3,2.8,9.1,10.9,4.7,2.7,1,1.9,4.5,2.8,4,4.2,"21197"
48,8.7,23.4,57.3,10,4.2,9.7,3,2.8,9.1,11.3,5.3,2.7,1,1.9,4.5,2.8,4,4.2,"21199"
48,8.7,23.4,60.7,11,4.2,9.7,3,2.8,8.4,10.9,4.7,2.7,1,1.9,4.5,2.8,4,4.2,"21201"
48,8.7,24.5,63,11,4.2,9.7,3,2.8,8.4,11.3,5.3,2.7,1,1.9,4.5,2.8,4,4.2,"21196"
48,8.7,25.6,58.4,11,4.2,9.7,3.5,3.3,9.1,12.5,5.3,2.7,1,1.9,4.5,2.8,4,4.9,"21195"
48,11.7,36.2,80.2,13.9,6.2,12.1,5,4.7,13.1,16.5,6.4,3.7,1.9,2.9,7.2,4.7,6.4,6.3,"giberela"
49,7.3,21.3,55,10,4.2,9.7,3,2.8,8,10.5,4.7,2.7,1,1.9,4.5,2.8,4,4.2,"21198"
49,7.3,22.4,53.8,10,4.2,9.7,3,2.8,8.7,11.3,5.3,2.7,1,1.9,3.6,2.8,3.2,3.5,"21210"
49,7.3,22.4,55,10,4.2,9.7,3,2.8,8,11.3,4.7,2.7,1,1.9,4.5,1.9,3.2,3.5,"21202"
49,7.3,22.4,60.7,11,4.2,9.7,2.5,2.8,8,10.9,4.7,2.7,1,1.9,3.6,1.9,3.2,3.5,"21227"
49,7.3,23.4,56.1,10,4.2,9.7,2.5,2.8,8.4,10.9,5.3,2.7,1,1.9,4.5,2.8,3.2,4.2,"21200"
49,7.3,23.4,57.3,11,4.2,9.7,3,3.3,8.7,11.7,4.7,2.7,1,1.9,3.6,2.8,3.2,3.5,"sadio"
49,8.7,22.4,57.3,10,4.2,9.7,3,2.8,9.1,10.9,4.7,2.7,1,1.9,4.5,2.8,4,4.2,"21197"
49,8.7,23.4,57.3,10,4.2,9.7,3,2.8,9.1,11.3,5.3,2.7,1,1.9,4.5,2.8,4,4.2,"21199"
49,8.7,23.4,60.7,11,4.2,9.7,3,2.8,8.4,10.9,4.7,2.7,1,1.9,4.5,2.8,4,4.2,"21201"
49,8.7,24.5,63,11,4.2,9.7,3,2.8,8.4,11.3,5.3,2.7,1,1.9,4.5,2.8,4,4.2,"21196"
49,8.7,25.6,58.4,11,4.2,10.9,3.5,3.3,9.1,12.5,5.3,2.7,1,1.9,4.5,2.8,4,4.9,"21195"
49,11.7,36.2,80.2,13.9,5.2,12.1,5,4.7,13.1,16.5,6.4,3.7,1.9,2.9,7.2,4.7,6.4,6.3,"giberela"
50,7.3,22.4,52.7,10,4.2,9.7,3,2.8,8.7,11.3,5.3,2.7,1,1.9,3.6,2.8,3.2,3.5,"21210"
50,7.3,22.4,55,10,4.2,9.7,3,2.8,8,10.5,4.7,2.7,1,1.9,4.5,2.8,4,4.2,"21198"
50,7.3,22.4,55,10,4.2,9.7,3,2.8,8,11.3,4.7,2.7,1,1.9,4.5,1.9,3.2,3.5,"21202"
50,7.3,22.4,59.6,11,4.2,9.7,2.5,2.8,8,10.9,4.7,2.7,1,1.9,3.6,1.9,3.2,3.5,"21227"
50,7.3,23.4,55,10,4.2,9.7,2.5,2.8,8.4,10.9,5.3,2.7,1,1.9,4.5,2.8,3.2,4.2,"21200"
50,7.3,23.4,58.4,11,4.2,9.7,3,3.3,8.7,11.7,4.7,2.7,1,1.9,3.6,2.8,3.2,3.5,"sadio"
50,8.7,22.4,57.3,10,4.2,9.7,3,2.8,9.1,10.5,4.7,2.7,1,1.9,4.5,2.8,4,4.2,"21197"
50,8.7,23.4,57.3,10,4.2,9.7,3,2.8,9.1,11.3,5.3,2.7,1,1.9,4.5,2.8,4,4.2,"21199"
50,8.7,23.4,60.7,11,4.2,9.7,3,2.8,8.4,10.9,4.7,2.7,1,1.9,4.5,2.8,4,4.2,"21201"
50,8.7,24.5,63,11,4.2,9.7,3,2.8,8.4,11.3,5.3,2.7,1,1.9,4.5,2.8,4,4.2,"21196"
50,8.7,25.6,58.4,11,4.2,10.9,3.5,3.3,9.1,12.5,5.3,2.7,1,1.9,4.5,2.8,4,4.9,"21195"
50,11.7,36.2,80.2,13.9,5.2,12.1,5,4.7,13.1,16.5,6.4,3.7,1.9,2.9,7.2,4.7,6.4,6.3,"giberela"
