"id","R","S","T","U","V","W","G","H","I","J","K","L","A","B","C","D","E","F","don","label"
1,13.1,38.4,91.6,16.9,6.2,15.7,5,4.7,13.9,17.7,8.2,4.6,1.9,2.9,7.2,4.7,6.4,7,307,"21227"
1,14.6,39.4,90.5,16.9,7.3,15.7,5,4.7,14.3,17.7,8.2,4.6,1.9,3.9,9,5.6,7.2,7.7,483,"21196"
1,14.6,40.5,92.8,16.9,7.3,16.9,5,5.1,14.7,18.9,8.8,4.6,1.9,3.9,8.1,4.7,6.4,7,0,"21202"
1,14.6,40.5,95.1,16.9,7.3,15.7,5,4.7,13.5,18.5,8.2,4.6,1.9,3.9,8.1,4.7,6.4,7,799,"21210"
1,14.6,41.6,98.5,17.9,7.3,15.7,5.5,5.1,14.3,19.3,8.8,4.6,1.9,3.9,8.1,4.7,7.2,7.7,0,"sadio"
1,14.6,41.6,99.6,17.9,7.3,16.9,5,5.1,15.1,18.5,8.8,4.6,1.9,3.9,8.1,5.6,7.2,7.7,0,"21201"
1,14.6,42.6,96.2,16.9,7.3,16.9,5.5,5.1,14.3,19.3,8.8,4.6,1.9,3.9,8.1,5.6,7.2,7.7,2113,"21197"
1,16,38.4,95.1,16.9,7.3,16.9,5,4.7,14.7,17.3,8.8,4.6,1.9,3.9,9,5.6,7.2,8.4,1508,"21198"
1,16,40.5,97.3,16.9,7.3,16.9,5,4.7,14.7,18.5,8.8,4.6,1.9,3.9,9,5.6,7.2,8.4,1788,"21195"
1,16,41.6,98.5,16.9,7.3,16.9,5,5.1,15.1,18.5,8.8,4.6,1.9,3.9,9,5.6,7.2,7.7,1943,"21200"
1,16,42.6,96.2,16.9,7.3,16.9,5.5,5.1,14.3,19.3,8.8,4.6,1.9,3.9,8.1,4.7,7.2,7.7,2009,"21199"
2,13.1,37.3,81.3,15.9,6.2,15.7,5,4.7,13.5,17.3,8.2,4.6,1.9,2.9,7.2,4.7,6.4,6.3,307,"21227"
2,14.6,39.4,90.5,16.9,7.3,15.7,5,4.7,14.3,17.7,8.2,4.6,1.9,3.9,9,5.6,7.2,7.7,483,"21196"
2,14.6,40.5,95.1,16.9,7.3,15.7,5,4.7,13.5,18.5,8.2,4.6,1.9,3.9,8.1,4.7,6.4,7,799,"21210"
2,14.6,41.6,98.5,17.9,7.3,15.7,5.5,5.1,14.3,19.3,8.8,4.6,1.9,3.9,8.1,4.7,7.2,7.7,0,"sadio"
2,14.6,41.6,98.5,17.9,7.3,16.9,5,4.7,14.3,19.3,8.8,4.6,1.9,3.9,8.1,4.7,7.2,7,0,"21202"
2,14.6,41.6,99.6,17.9,7.3,16.9,5,5.1,15.1,18.5,8.8,4.6,1.9,3.9,8.1,5.6,7.2,7.7,0,"21201"
2,14.6,42.6,96.2,16.9,7.3,16.9,5.5,5.1,14.3,19.3,8.8,4.6,1.9,3.9,8.1,4.7,7.2,7.7,2113,"21197"
2,16,38.4,95.1,16.9,7.3,16.9,5,4.7,14.7,17.3,8.8,4.6,1.9,3.9,9,5.6,7.2,8.4,1508,"21198"
2,16,40.5,97.3,16.9,7.3,16.9,5,4.7,14.7,18.5,8.8,4.6,1.9,3.9,9,5.6,7.2,8.4,1788,"21195"
2,16,41.6,99.6,16.9,7.3,16.9,5,5.1,15.1,18.5,8.8,4.6,1.9,3.9,9,5.6,7.2,7.7,1943,"21200"
2,16,42.6,96.2,16.9,7.3,16.9,5.5,5.1,14.3,19.3,8.8,4.6,1.9,3.9,8.1,4.7,7.2,7.7,2009,"21199"
3,13.1,37.3,81.3,15.9,6.2,15.7,5,4.7,13.5,17.3,8.2,4.6,1.9,2.9,7.2,4.7,6.4,6.3,307,"21227"
3,14.6,39.4,90.5,16.9,7.3,15.7,5,4.7,14.3,17.7,8.2,4.6,1.9,3.9,9,5.6,7.2,7.7,483,"21196"
3,14.6,40.5,95.1,16.9,7.3,15.7,5,4.7,13.5,18.5,8.2,4.6,1.9,3.9,8.1,4.7,6.4,7,799,"21210"
3,14.6,40.5,96.2,17.9,7.3,16.9,5,4.7,14.3,18.9,8.8,4.6,1.9,3.9,8.1,4.7,6.4,7,0,"21202"
3,14.6,41.6,98.5,17.9,7.3,15.7,5.5,5.1,14.3,19.3,8.8,4.6,1.9,3.9,8.1,4.7,7.2,7.7,0,"sadio"
3,14.6,41.6,99.6,17.9,7.3,16.9,5,5.1,15.1,18.5,8.8,4.6,1.9,3.9,8.1,5.6,7.2,7.7,0,"21201"
3,14.6,42.6,96.2,16.9,7.3,16.9,5.5,5.1,14.3,19.3,8.8,4.6,1.9,3.9,8.1,4.7,7.2,7.7,2113,"21197"
3,16,38.4,95.1,16.9,7.3,16.9,5,4.7,14.7,17.3,8.8,4.6,1.9,3.9,9,5.6,7.2,8.4,1508,"21198"
3,16,40.5,97.3,16.9,7.3,16.9,5,4.7,14.7,18.5,8.8,4.6,1.9,3.9,9,5.6,7.2,8.4,1788,"21195"
3,16,41.6,99.6,16.9,7.3,16.9,5,5.1,15.1,18.5,8.8,4.6,1.9,3.9,9,5.6,7.2,7.7,1943,"21200"
3,16,42.6,96.2,16.9,7.3,16.9,5.5,5.1,14.3,19.3,8.8,4.6,1.9,3.9,8.1,4.7,7.2,7.7,2009,"21199"
4,13.1,37.3,81.3,15.9,6.2,15.7,5,4.7,13.5,17.3,8.2,4.6,1.9,2.9,7.2,4.7,6.4,6.3,307,"21227"
4,14.6,39.4,90.5,16.9,7.3,15.7,5,4.7,14.3,17.7,8.2,4.6,1.9,3.9,9,5.6,7.2,7.7,483,"21196"
4,14.6,40.5,90.5,16.9,7.3,15.7,5,5.1,15.1,18.5,8.8,4.6,1.9,3.9,8.1,4.7,7.2,7,0,"sadio"
4,14.6,40.5,95.1,16.9,7.3,15.7,5,4.7,13.5,18.5,8.2,4.6,1.9,3.9,8.1,4.7,6.4,7,799,"21210"
4,14.6,40.5,96.2,17.9,7.3,16.9,5,4.7,14.3,18.9,8.8,4.6,1.9,3.9,8.1,4.7,6.4,7,0,"21202"
4,14.6,41.6,99.6,17.9,7.3,16.9,5,5.1,15.1,18.5,8.8,4.6,1.9,3.9,8.1,5.6,7.2,7.7,0,"21201"
4,14.6,42.6,96.2,16.9,7.3,16.9,5.5,5.1,14.3,19.3,8.8,4.6,1.9,3.9,8.1,4.7,7.2,7.7,2113,"21197"
4,16,38.4,95.1,16.9,7.3,16.9,5,4.7,14.7,17.3,8.8,4.6,1.9,3.9,9,5.6,7.2,8.4,1508,"21198"
4,16,40.5,97.3,16.9,7.3,16.9,5,4.7,14.7,18.5,8.8,4.6,1.9,3.9,9,5.6,7.2,8.4,1788,"21195"
4,16,41.6,99.6,16.9,7.3,16.9,5,5.1,15.1,18.5,8.8,4.6,1.9,3.9,9,5.6,7.2,7.7,1943,"21200"
4,16,42.6,96.2,16.9,7.3,16.9,5.5,5.1,14.3,19.3,8.8,4.6,1.9,3.9,8.1,4.7,7.2,7.7,2009,"21199"
5,13.1,37.3,81.3,15.9,6.2,15.7,5,4.7,13.5,17.3,8.2,4.6,1.9,2.9,7.2,4.7,6.4,6.3,307,"21227"
5,14.6,38.4,90.5,15.9,7.3,16.9,4.5,4.7,15.1,18.1,8.8,4.6,1.9,3.9,8.1,5.6,7.2,7.7,1788,"21195"
5,14.6,39.4,90.5,16.9,7.3,15.7,5,4.7,14.3,17.7,8.2,4.6,1.9,3.9,9,5.6,7.2,7.7,483,"21196"
5,14.6,40.5,95.1,16.9,7.3,15.7,4.5,4.7,14.3,17.7,8.2,4.6,1.9,3.9,8.1,4.7,7.2,7,0,"sadio"
5,14.6,40.5,95.1,16.9,7.3,15.7,5,4.7,13.5,18.5,8.2,4.6,1.9,3.9,8.1,4.7,6.4,7,799,"21210"
5,14.6,40.5,96.2,17.9,7.3,16.9,5,4.7,14.3,18.9,8.8,4.6,1.9,3.9,8.1,4.7,6.4,7,0,"21202"
5,14.6,41.6,98.5,17.9,7.3,16.9,5,5.1,15.1,18.5,8.8,4.6,1.9,3.9,8.1,5.6,7.2,7.7,0,"21201"
5,14.6,42.6,87,16.9,7.3,16.9,5.5,5.1,14.7,18.9,8.8,4.6,1.9,3.9,8.1,5.6,7.2,7.7,2009,"21199"
5,14.6,42.6,96.2,16.9,7.3,16.9,5.5,5.1,14.3,19.3,8.8,4.6,1.9,3.9,8.1,4.7,7.2,7.7,2113,"21197"
5,16,37.3,98.5,16.9,7.3,15.7,4.5,4.2,14.3,16.5,8.8,4.6,1.9,3.9,9,4.7,7.2,7.7,1508,"21198"
5,16,41.6,99.6,16.9,7.3,16.9,5,5.1,15.1,18.5,8.8,4.6,1.9,3.9,9,5.6,7.2,7.7,1943,"21200"
6,13.1,37.3,81.3,15.9,6.2,15.7,5,4.7,13.9,17.3,8.2,4.6,1.9,2.9,7.2,4.7,6.4,6.3,307,"21227"
6,14.6,39.4,90.5,16.9,7.3,15.7,5,4.7,14.3,18.1,8.2,4.6,1.9,3.9,9,5.6,7.2,7.7,483,"21196"
6,14.6,39.4,92.8,16.9,7.3,15.7,5,4.7,13.5,18.1,8.2,4.6,1.9,2.9,7.2,4.7,6.4,7,799,"21210"
6,14.6,39.4,95.1,16.9,7.3,16.9,5,4.7,15.1,18.1,8.8,4.6,1.9,3.9,8.1,4.7,7.2,7.7,1508,"21198"
6,14.6,40.5,87,15.9,7.3,15.7,5,4.7,14.3,18.1,8.8,4.6,1.9,2.9,8.1,4.7,6.4,7,0,"21201"
6,14.6,40.5,89.3,15.9,7.3,15.7,4.5,4.7,14.7,18.1,8.8,4.6,1.9,3.9,9,5.6,7.9,7.7,1788,"21195"
6,14.6,40.5,89.3,16.9,7.3,15.7,5,4.7,14.7,18.1,8.2,4.6,1.9,3.9,8.1,4.7,7.2,7,0,"sadio"
6,14.6,40.5,91.6,16.9,7.3,16.9,5,4.7,13.5,18.5,8.8,4.6,1.9,3.9,8.1,5.6,7.2,7,2009,"21199"
6,14.6,40.5,96.2,17.9,7.3,16.9,5,4.7,14.3,18.9,8.8,4.6,1.9,3.9,8.1,4.7,6.4,7,0,"21202"
6,14.6,42.6,85.9,15.9,7.3,16.9,5.5,5.1,14.3,18.9,8.8,4.6,1.9,3.9,8.1,5.6,7.2,7.7,2113,"21197"
6,16,41.6,99.6,16.9,7.3,16.9,5,5.1,15.1,18.5,8.8,4.6,1.9,3.9,9,5.6,7.2,7.7,1943,"21200"
7,13.1,37.3,81.3,15.9,6.2,15.7,4.5,4.7,13.1,16.9,8.2,4.6,1.9,2.9,7.2,4.7,6.4,6.3,307,"21227"
7,13.1,38.4,83.6,15.9,7.3,15.7,5,4.7,13.1,17.7,8.2,4.6,1.9,2.9,7.2,4.7,6.4,6.3,799,"21210"
7,14.6,39.4,82.5,15.9,6.2,16.9,5,4.7,14.3,18.1,8.8,4.6,1.9,2.9,8.1,4.7,7.2,7,1508,"21198"
7,14.6,39.4,84.7,15.9,7.3,15.7,5,4.7,13.9,18.1,8.8,4.6,1.9,3.9,8.1,4.7,7.2,7,2009,"21199"
7,14.6,39.4,87,15.9,7.3,15.7,5,4.7,13.9,18.1,8.2,4.6,1.9,3.9,9,5.6,7.2,7.7,483,"21196"
7,14.6,40.5,90.5,16.9,7.3,16.9,5,4.7,14.3,18.1,8.8,4.6,1.9,2.9,8.1,4.7,7.2,7,0,"21201"
7,14.6,40.5,96.2,17.9,7.3,16.9,5,4.7,14.3,18.9,8.8,4.6,1.9,3.9,8.1,4.7,6.4,7,0,"21202"
7,14.6,41.6,87,15.9,7.3,16.9,5.5,5.1,14.3,18.9,8.8,4.6,1.9,3.9,8.1,4.7,7.2,7.7,2113,"21197"
7,14.6,41.6,96.2,16.9,7.3,15.7,5,4.7,14.3,18.1,8.2,4.6,1.9,3.9,8.1,4.7,7.2,7,0,"sadio"
7,16,39.4,91.6,15.9,7.3,15.7,4.5,4.7,15.5,17.3,8.8,4.6,1.9,3.9,9,5.6,7.2,7.7,1788,"21195"
7,16,41.6,99.6,16.9,7.3,16.9,5,5.1,15.1,18.5,8.8,4.6,1.9,3.9,9,5.6,7.2,7.7,1943,"21200"
8,13.1,36.2,79,15.9,6.2,15.7,4.5,4.2,12.7,16.9,8.2,4.6,1.9,2.9,7.2,4.7,5.6,6.3,307,"21227"
8,13.1,39.4,87,15.9,7.3,15.7,4.5,4.7,13.5,17.3,8.2,4.6,1.9,2.9,8.1,4.7,6.4,6.3,799,"21210"
8,14.6,39.4,85.9,15.9,6.2,15.7,5,4.7,13.5,17.3,8.2,4.6,1.9,3.9,8.1,4.7,7.2,7,483,"21196"
8,14.6,40.5,85.9,15.9,7.3,15.7,5,5.1,15.1,18.1,8.2,4.6,1.9,3.9,8.1,4.7,7.2,7.7,2009,"21199"
8,14.6,40.5,93.9,16.9,7.3,15.7,4.5,4.7,14.3,18.1,8.8,4.6,1.9,3.9,8.1,4.7,7.2,7,0,"21201"
8,14.6,40.5,96.2,16.9,7.3,15.7,5,4.7,14.3,18.5,8.2,4.6,1.9,3.9,8.1,4.7,7.2,7.7,0,"sadio"
8,14.6,40.5,96.2,17.9,7.3,16.9,5,4.7,14.3,18.9,8.8,4.6,1.9,3.9,8.1,4.7,6.4,7,0,"21202"
8,14.6,41.6,93.9,16.9,7.3,16.9,5.5,5.1,13.9,18.9,8.8,4.6,1.9,3.9,8.1,4.7,7.2,7.7,2113,"21197"
8,16,37.3,98.5,16.9,7.3,15.7,4.5,4.7,13.1,16.5,8.8,4.6,1.9,3.9,9,4.7,7.2,7.7,1508,"21198"
8,16,39.4,91.6,15.9,7.3,15.7,4.5,4.7,15.5,17.3,8.8,4.6,1.9,3.9,9,5.6,7.2,7.7,1788,"21195"
8,16,40.5,96.2,16.9,7.3,16.9,5,5.1,15.1,18.5,8.8,4.6,1.9,3.9,9,5.6,7.2,7.7,1943,"21200"
9,13.1,37.3,81.3,15.9,6.2,15.7,4.5,4.7,13.1,17.3,8.2,4.6,1.9,2.9,7.2,4.7,5.6,6.3,307,"21227"
9,14.6,37.3,80.2,15.9,7.3,15.7,5,4.7,12.3,18.1,8.2,4.6,1.9,3.9,8.1,5.6,6.4,7.7,1508,"21198"
9,14.6,38.4,85.9,15.9,6.2,15.7,4.5,4.7,13.5,18.1,8.2,4.6,1.9,2.9,7.2,4.7,6.4,7,799,"21210"
9,14.6,39.4,85.9,15.9,6.2,15.7,5,4.7,13.5,17.3,8.2,4.6,1.9,3.9,8.1,4.7,7.2,7,483,"21196"
9,14.6,39.4,96.2,16.9,7.3,15.7,4.5,4.7,14.3,18.5,8.8,4.6,1.9,3.9,8.1,4.7,7.2,7,0,"21201"
9,14.6,39.4,98.5,16.9,7.3,15.7,4.5,4.7,13.9,17.7,8.8,4.6,1.9,3.9,8.1,5.6,7.2,7,1788,"21195"
9,14.6,40.5,84.7,15.9,7.3,15.7,5,5.1,14.3,17.7,8.2,4.6,1.9,3.9,8.1,5.6,7.2,7.7,2009,"21199"
9,14.6,40.5,96.2,16.9,7.3,15.7,5,4.7,14.3,18.5,8.2,4.6,1.9,3.9,8.1,4.7,7.2,7.7,0,"sadio"
9,14.6,40.5,97.3,16.9,7.3,16.9,5,5.1,15.1,18.5,8.8,4.6,1.9,3.9,8.1,5.6,7.2,7.7,1943,"21200"
9,14.6,40.5,98.5,17.9,7.3,16.9,4.5,4.7,14.7,18.9,8.8,4.6,1.9,3.9,8.1,4.7,6.4,7,0,"21202"
9,14.6,41.6,90.5,16.9,7.3,15.7,5.5,4.7,13.9,18.5,8.8,4.6,1.9,3.9,8.1,4.7,7.2,7,2113,"21197"
10,13.1,37.3,81.3,15.9,6.2,15.7,4.5,4.7,13.1,17.3,8.2,4.6,1.9,2.9,7.2,4.7,5.6,6.3,307,"21227"
10,14.6,39.4,85.9,15.9,6.2,15.7,5,4.7,13.5,17.3,8.2,4.6,1.9,3.9,8.1,4.7,7.2,7,483,"21196"
10,14.6,39.4,85.9,15.9,7.3,16.9,5,5.1,15.5,19.3,8.8,4.6,1.9,3.9,8.1,5.6,7.2,7,0,"21202"
10,14.6,39.4,87,15.9,7.3,15.7,4.5,4.7,13.9,17.7,8.2,4.6,1.9,2.9,7.2,4.7,6.4,7,799,"21210"
10,14.6,39.4,90.5,15.9,7.3,15.7,5,5.1,14.7,17.7,8.8,4.6,1.9,3.9,8.1,5.6,7.2,7,1788,"21195"
10,14.6,39.4,95.1,16.9,7.3,15.7,4.5,4.7,13.9,17.3,8.8,4.6,1.9,3.9,8.1,4.7,7.2,7.7,1508,"21198"
10,14.6,39.4,96.2,16.9,7.3,15.7,4.5,4.7,14.3,18.5,8.8,4.6,1.9,3.9,8.1,4.7,7.2,7,0,"21201"
10,14.6,40.5,89.3,16.9,7.3,15.7,5,5.1,14.7,18.5,8.2,4.6,1.9,2.9,8.1,4.7,7.2,7.7,0,"sadio"
10,14.6,40.5,92.8,16.9,7.3,15.7,5.5,5.1,13.9,18.5,8.8,4.6,1.9,3.9,8.1,4.7,6.4,7,2113,"21197"
10,14.6,40.5,97.3,16.9,7.3,16.9,5,5.1,15.5,18.5,8.8,4.6,1.9,3.9,8.1,5.6,7.2,7.7,1943,"21200"
10,14.6,41.6,88.2,16.9,7.3,15.7,5,5.1,14.3,17.7,8.8,4.6,1.9,3.9,8.1,4.7,7.2,7,2009,"21199"
11,13.1,37.3,81.3,15.9,6.2,15.7,4.5,4.7,13.1,17.3,8.2,4.6,1.9,2.9,7.2,4.7,5.6,6.3,307,"21227"
11,14.6,37.3,87,15.9,6.2,15.7,4.5,4.7,13.5,17.3,8.2,4.6,1.9,2.9,8.1,4.7,6.4,7,483,"21196"
11,14.6,39.4,85.9,15.9,7.3,16.9,5,5.1,15.5,19.3,8.8,4.6,1.9,3.9,8.1,5.6,7.2,7,0,"21202"
11,14.6,39.4,92.8,16.9,7.3,15.7,4.5,4.2,12.7,18.1,8.2,4.6,1.9,2.9,8.1,4.7,6.4,7,799,"21210"
11,14.6,39.4,96.2,16.9,7.3,15.7,4.5,4.7,14.3,18.5,8.8,4.6,1.9,3.9,8.1,4.7,7.2,7.7,0,"21201"
11,14.6,39.4,97.3,16.9,6.2,15.7,4.5,4.2,13.9,16.1,8.2,4.6,1.9,3.9,8.1,4.7,6.4,7,1508,"21198"
11,14.6,40.5,87,15.9,7.3,15.7,5,5.1,14.3,18.5,8.2,4.6,1.9,3.9,8.1,5.6,7.2,7.7,0,"sadio"
11,14.6,40.5,91.6,16.9,7.3,15.7,5.5,5.1,13.9,18.5,8.8,4.6,1.9,3.9,8.1,4.7,7.2,7,2113,"21197"
11,14.6,41.6,89.3,16.9,7.3,15.7,5,5.1,15.1,17.7,8.8,4.6,1.9,3.9,8.1,4.7,7.2,7,1788,"21195"
11,14.6,41.6,92.8,16.9,7.3,15.7,5.5,5.1,14.3,18.9,8.2,4.6,1.9,3.9,8.1,5.6,7.2,7.7,2009,"21199"
11,16,39.4,88.2,15.9,7.3,16.9,5,5.1,15.1,18.5,8.8,4.6,1.9,3.9,8.1,5.6,7.2,7.7,1943,"21200"
12,13.1,37.3,81.3,15.9,6.2,15.7,5,4.7,13.1,17.3,8.2,4.6,1.9,2.9,7.2,4.7,6.4,6.3,307,"21227"
12,14.6,37.3,83.6,15.9,6.2,15.7,4.5,4.7,13.1,17.3,8.2,4.6,1.9,2.9,8.1,4.7,6.4,7,483,"21196"
12,14.6,39.4,89.3,15.9,7.3,15.7,4.5,4.7,15.1,17.7,8.2,4.6,1.9,3.9,8.1,5.6,7.2,7,0,"sadio"
12,14.6,39.4,91.6,16.9,7.3,16.9,5,4.7,14.7,18.1,8.8,4.6,1.9,3.9,9,5.6,7.2,7.7,1943,"21200"
12,14.6,39.4,92.8,16.9,7.3,15.7,4.5,4.2,12.7,18.1,8.2,4.6,1.9,2.9,8.1,4.7,6.4,7,799,"21210"
12,14.6,40.5,92.8,16.9,7.3,16.9,5,5.1,14.3,18.5,8.8,4.6,1.9,3.9,8.1,4.7,7.2,7,2113,"21197"
12,14.6,40.5,95.1,16.9,7.3,16.9,4.5,4.7,14.3,18.5,8.8,4.6,1.9,3.9,8.1,4.7,6.4,7,0,"21202"
12,14.6,41.6,90.5,16.9,7.3,15.7,5,5.1,15.1,18.1,8.8,4.6,1.9,3.9,8.1,4.7,7.2,7,1788,"21195"
12,14.6,41.6,92.8,16.9,7.3,15.7,5.5,5.1,14.3,18.9,8.2,4.6,1.9,3.9,8.1,5.6,7.2,7.7,2009,"21199"
12,16,39.4,95.1,16.9,7.3,15.7,4.5,4.2,13.5,16.5,8.8,4.6,1.9,2.9,8.1,4.7,6.4,7.7,1508,"21198"
12,16,40.5,95.1,16.9,7.3,16.9,4.5,4.7,13.9,18.5,8.8,4.6,1.9,3.9,8.1,4.7,7.2,7.7,0,"21201"
13,13.1,36.2,77.9,14.9,6.2,15.7,5,4.7,12.3,17.3,8.2,4.6,1.9,2.9,7.2,4.7,5.6,6.3,307,"21227"
13,14.6,38.4,89.3,15.9,7.3,15.7,5,4.7,13.9,16.9,8.2,4.6,1.9,3.9,9,5.6,7.2,7.7,483,"21196"
13,14.6,39.4,90.5,16.9,7.3,16.9,4.5,4.7,13.9,18.1,8.8,4.6,1.9,3.9,8.1,4.7,6.4,7,0,"21201"
13,14.6,39.4,91.6,16.9,7.3,15.7,5,4.7,14.7,17.3,8.2,4.6,1.9,3.9,9,5.6,7.2,7.7,0,"sadio"
13,14.6,39.4,91.6,16.9,7.3,16.9,5,4.7,14.7,17.7,8.8,4.6,1.9,3.9,9,5.6,7.2,7.7,1943,"21200"
13,14.6,39.4,92.8,16.9,7.3,15.7,4.5,4.2,12.7,18.1,8.2,4.6,1.9,2.9,8.1,4.7,6.4,7,799,"21210"
13,14.6,41.6,90.5,16.9,7.3,15.7,5,5.1,15.1,18.1,8.8,4.6,1.9,3.9,8.1,4.7,7.2,7,1788,"21195"
13,14.6,41.6,91.6,16.9,7.3,16.9,5,5.1,15.5,18.1,8.8,4.6,1.9,3.9,8.1,5.6,7.2,7,2113,"21197"
13,14.6,41.6,92.8,16.9,7.3,15.7,5.5,5.1,14.3,18.9,8.2,4.6,1.9,3.9,8.1,5.6,7.2,7.7,2009,"21199"
13,14.6,41.6,97.3,17.9,7.3,16.9,5,4.7,14.3,19.7,8.8,4.6,1.9,3.9,8.1,5.6,7.2,7,0,"21202"
13,16,39.4,93.9,16.9,7.3,15.7,5,4.7,12.7,17.3,8.8,4.6,1.9,3.9,9,4.7,7.2,7.7,1508,"21198"
14,13.1,38.4,82.5,15.9,6.2,15.7,5,4.7,13.5,17.3,8.2,4.6,1.9,2.9,7.2,4.7,6.4,6.3,307,"21227"
14,14.6,38.4,89.3,15.9,7.3,15.7,5,4.7,14.3,16.9,8.2,4.6,1.9,3.9,9,5.6,7.2,7.7,483,"21196"
14,14.6,39.4,89.3,16.9,7.3,16.9,4.5,4.7,13.9,18.1,8.8,4.6,1.9,3.9,8.1,4.7,6.4,7,0,"21201"
14,14.6,39.4,91.6,15.9,7.3,15.7,5,4.7,14.7,17.7,8.2,4.6,1.9,3.9,9,4.7,7.2,7.7,0,"sadio"
14,14.6,39.4,91.6,16.9,7.3,16.9,5,4.7,14.7,17.7,8.8,4.6,1.9,3.9,9,5.6,7.2,7.7,1943,"21200"
14,14.6,39.4,92.8,16.9,7.3,15.7,4.5,4.2,12.7,18.1,8.2,4.6,1.9,2.9,8.1,4.7,6.4,7,799,"21210"
14,14.6,40.5,85.9,15.9,7.3,15.7,5,5.1,13.5,17.7,8.2,4.6,1.9,3.9,8.1,5.6,7.2,7.7,2009,"21199"
14,14.6,40.5,89.3,16.9,7.3,15.7,5,4.7,15.1,17.7,8.8,4.6,1.9,3.9,8.1,5.6,7.2,7,2113,"21197"
14,14.6,40.5,98.5,17.9,7.3,16.9,5,4.7,14.7,19.7,8.8,4.6,1.9,3.9,8.1,5.6,7.2,7,0,"21202"
14,14.6,41.6,90.5,16.9,7.3,15.7,5,5.1,15.1,18.1,8.8,4.6,1.9,3.9,8.1,5.6,7.2,7,1788,"21195"
14,16,39.4,95.1,16.9,7.3,15.7,5,4.7,12.7,17.7,8.8,4.6,1.9,3.9,9,4.7,7.2,7.7,1508,"21198"
15,13.1,37.3,81.3,15.9,6.2,15.7,5,4.7,14.3,17.3,8.2,4.6,1.9,2.9,7.2,4.7,6.4,6.3,307,"21227"
15,13.1,40.5,88.2,16.9,7.3,15.7,5,4.7,14.3,17.7,8.8,4.6,1.9,3.9,8.1,5.6,7.2,7,2113,"21197"
15,14.6,38.4,89.3,15.9,7.3,15.7,5,4.7,14.3,16.9,8.2,4.6,1.9,3.9,9,5.6,7.2,7.7,483,"21196"
15,14.6,39.4,85.9,15.9,7.3,15.7,5,4.7,13.1,17.3,8.2,4.6,1.9,3.9,8.1,4.7,7.2,7.7,2009,"21199"
15,14.6,39.4,90.5,16.9,7.3,16.9,5,4.7,14.7,18.1,8.8,4.6,1.9,3.9,7.2,4.7,6.4,7,0,"21201"
15,14.6,39.4,91.6,15.9,7.3,15.7,5,4.7,14.7,17.7,8.2,4.6,1.9,3.9,9,4.7,7.2,7.7,0,"sadio"
15,14.6,39.4,92.8,16.9,7.3,15.7,4.5,4.2,12.7,18.1,8.2,4.6,1.9,2.9,8.1,4.7,6.4,7,799,"21210"
15,14.6,39.4,95.1,16.9,7.3,15.7,5,4.7,12.7,17.7,8.8,4.6,1.9,3.9,9,4.7,7.2,7.7,1508,"21198"
15,14.6,40.5,89.3,16.9,7.3,16.9,5,5.1,14.7,18.1,8.8,4.6,1.9,3.9,9,5.6,7.2,7.7,1943,"21200"
15,14.6,40.5,99.6,17.9,7.3,16.9,5,4.7,14.7,19.3,8.8,4.6,1.9,3.9,8.1,4.7,7.2,7,0,"21202"
15,14.6,41.6,89.3,16.9,7.3,15.7,5,5.1,15.1,18.1,8.8,4.6,1.9,3.9,8.1,4.7,7.2,7,1788,"21195"
16,13.1,37.3,82.5,15.9,6.2,15.7,5,4.7,14.3,17.7,8.2,4.6,1.9,2.9,7.2,4.7,6.4,6.3,307,"21227"
16,13.1,38.4,84.7,15.9,7.3,15.7,5,4.7,13.9,18.1,8.2,4.6,1.9,2.9,7.2,4.7,6.4,6.3,799,"21210"
16,14.6,38.4,89.3,15.9,7.3,15.7,5,4.7,14.3,16.9,8.2,4.6,1.9,3.9,9,5.6,7.2,7.7,483,"21196"
16,14.6,39.4,88.2,15.9,7.3,15.7,5,4.7,15.1,16.9,8.2,4.6,1.9,3.9,8.1,4.7,7.2,7.7,0,"sadio"
16,14.6,39.4,90.5,16.9,6.2,16.9,5,4.7,12.7,18.1,8.2,4.6,1.9,2.9,8.1,4.7,6.4,7.7,1508,"21198"
16,14.6,39.4,90.5,16.9,7.3,16.9,5,4.7,14.7,18.1,8.8,4.6,1.9,3.9,7.2,4.7,6.4,7,0,"21201"
16,14.6,39.4,95.1,16.9,7.3,16.9,5,4.7,14.3,18.9,8.8,4.6,1.9,3.9,8.1,4.7,7.2,7,0,"21202"
16,14.6,40.5,81.3,15.9,6.2,15.7,5.5,5.1,14.3,18.5,8.8,4.6,1.9,3.9,8.1,4.7,7.2,7.7,2009,"21199"
16,14.6,40.5,87,15.9,7.3,15.7,5,5.1,14.3,18.5,8.8,4.6,1.9,3.9,8.1,4.7,7.2,7,1788,"21195"
16,14.6,40.5,90.5,16.9,7.3,15.7,5,4.7,14.3,17.7,8.8,4.6,1.9,2.9,8.1,5.6,7.2,7,2113,"21197"
16,14.6,40.5,90.5,16.9,7.3,16.9,5,4.7,14.7,17.7,8.8,4.6,1.9,3.9,8.1,5.6,7.2,7,1943,"21200"
17,13.1,38.4,82.5,15.9,6.2,15.7,5,4.7,14.3,17.7,8.2,4.6,1.9,2.9,7.2,4.7,6.4,6.3,307,"21227"
17,13.1,38.4,84.7,15.9,7.3,15.7,5,4.7,13.9,18.1,8.2,4.6,1.9,2.9,7.2,4.7,6.4,6.3,799,"21210"
17,14.6,38.4,89.3,15.9,7.3,15.7,5,4.7,14.3,16.9,8.2,4.6,1.9,3.9,9,5.6,7.2,7.7,483,"21196"
17,14.6,39.4,81.3,15.9,7.3,15.7,5,5.1,14.7,18.1,8.2,4.6,1.9,3.9,8.1,5.6,7.2,7,0,"sadio"
17,14.6,39.4,88.2,15.9,7.3,15.7,5,4.7,14.7,18.1,8.8,4.6,1.9,3.9,8.1,4.7,7.2,7,1788,"21195"
17,14.6,39.4,90.5,16.9,7.3,16.9,5,4.7,14.7,18.1,8.8,4.6,1.9,3.9,7.2,4.7,6.4,7,0,"21201"
17,14.6,39.4,92.8,15.9,7.3,15.7,5,4.7,14.7,17.7,8.8,4.6,1.9,3.9,8.1,4.7,7.2,7.7,2113,"21197"
17,14.6,39.4,95.1,17.9,7.3,15.7,5,4.7,13.9,18.5,8.8,4.6,1.9,2.9,8.1,4.7,7.2,7,0,"21202"
17,14.6,40.5,91.6,16.9,6.2,15.7,5,4.7,12.7,17.7,8.2,4.6,1.9,2.9,8.1,4.7,6.4,7,1508,"21198"
17,14.6,42.6,85.9,16.9,7.3,15.7,5,4.7,13.1,18.5,8.8,4.6,1.9,3.9,8.1,5.6,7.2,7.7,2009,"21199"
17,16,40.5,90.5,16.9,7.3,16.9,5,4.7,15.1,18.1,8.8,4.6,1.9,3.9,8.1,5.6,7.2,7.7,1943,"21200"
18,13.1,38.4,82.5,15.9,6.2,15.7,5,4.7,14.3,17.7,8.2,4.6,1.9,2.9,7.2,4.7,6.4,6.3,307,"21227"
18,13.1,38.4,84.7,15.9,7.3,15.7,5,4.7,13.9,18.1,8.2,4.6,1.9,2.9,7.2,4.7,6.4,6.3,799,"21210"
18,14.6,37.3,83.6,14.9,6.2,15.7,4.5,4.2,13.1,16.9,8.2,4.6,1.9,3.9,8.1,5.6,7.2,7.7,483,"21196"
18,14.6,39.4,88.2,15.9,7.3,15.7,5,4.7,14.7,18.1,8.8,4.6,1.9,3.9,8.1,5.6,7.2,7,1788,"21195"
18,14.6,39.4,90.5,16.9,7.3,15.7,5,4.7,13.9,18.1,8.8,4.6,1.9,2.9,8.1,4.7,7.2,7,2009,"21199"
18,14.6,39.4,92.8,15.9,7.3,15.7,5,4.7,14.7,17.7,8.8,4.6,1.9,3.9,8.1,4.7,7.2,7.7,2113,"21197"
18,14.6,39.4,93.9,16.9,7.3,15.7,4.5,4.7,14.3,17.7,8.8,4.6,1.9,2.9,8.1,4.7,6.4,7,0,"21201"
18,14.6,39.4,100.8,17.9,7.3,16.9,5,5.1,13.9,19.3,8.2,4.6,1.9,3.9,8.1,5.6,6.4,7,0,"21202"
18,14.6,40.5,85.9,15.9,7.3,15.7,5,5.1,13.9,17.7,8.2,4.6,1.9,3.9,8.1,5.6,7.2,7,0,"sadio"
18,14.6,40.5,90.5,16.9,7.3,16.9,5,5.1,15.5,18.1,8.8,4.6,1.9,3.9,8.1,5.6,7.2,7.7,1943,"21200"
18,14.6,40.5,92.8,16.9,6.2,15.7,5,4.7,13.1,17.7,8.2,4.6,1.9,2.9,8.1,4.7,6.4,7,1508,"21198"
19,13.1,38.4,82.5,15.9,6.2,15.7,5,4.7,13.9,17.7,8.2,4.6,1.9,2.9,7.2,4.7,6.4,6.3,307,"21227"
19,13.1,38.4,82.5,15.9,6.2,15.7,5,4.7,14.7,17.3,8.2,4.6,1.9,2.9,7.2,4.7,6.4,7,799,"21210"
19,14.6,37.3,91.6,15.9,7.3,15.7,4.5,4.2,12.3,16.9,8.2,4.6,1.9,3.9,9,4.7,7.2,7,483,"21196"
19,14.6,39.4,88.2,15.9,7.3,15.7,5,4.7,14.7,18.1,8.8,4.6,1.9,3.9,8.1,5.6,7.2,7,1788,"21195"
19,14.6,39.4,92.8,15.9,7.3,15.7,5,4.7,14.3,17.7,8.8,4.6,1.9,3.9,8.1,4.7,7.2,7.7,2113,"21197"
19,14.6,39.4,93.9,17.9,7.3,15.7,4.5,4.7,13.9,18.1,8.8,4.6,1.9,2.9,8.1,4.7,7.2,7,0,"21201"
19,14.6,40.5,87,15.9,7.3,15.7,5,5.1,14.3,17.7,8.2,4.6,1.9,3.9,8.1,5.6,7.2,7,0,"sadio"
19,14.6,40.5,90.5,16.9,7.3,16.9,5,5.1,15.5,18.1,8.8,4.6,1.9,3.9,8.1,5.6,7.2,7.7,1943,"21200"
19,14.6,40.5,92.8,16.9,6.2,15.7,5,4.7,13.1,17.7,8.2,4.6,1.9,2.9,8.1,4.7,6.4,7,1508,"21198"
19,14.6,41.6,87,15.9,7.3,15.7,5,4.7,13.9,17.7,8.8,4.6,1.9,3.9,8.1,4.7,7.2,7.7,2009,"21199"
19,14.6,41.6,100.8,17.9,7.3,16.9,5,5.1,15.5,19.3,8.8,4.6,1.9,3.9,8.1,4.7,7.2,7,0,"21202"
20,13.1,38.4,82.5,15.9,6.2,15.7,4.5,4.2,13.1,16.9,8.2,4.6,1.9,2.9,7.2,4.7,6.4,6.3,307,"21227"
20,14.6,37.3,83.6,14.9,7.3,15.7,5,4.7,13.9,16.9,8.2,4.6,1.9,3.9,8.1,4.7,7.2,7,483,"21196"
20,14.6,38.4,84.7,15.9,7.3,15.7,5,4.7,14.3,18.1,8.2,4.6,1.9,2.9,8.1,4.7,6.4,7,799,"21210"
20,14.6,39.4,88.2,16.9,7.3,15.7,5,5.1,15.1,18.1,8.8,4.6,1.9,3.9,8.1,5.6,7.2,7,0,"sadio"
20,14.6,39.4,90.5,15.9,7.3,15.7,5,4.7,14.3,18.1,8.8,4.6,1.9,3.9,8.1,5.6,7.2,7,1788,"21195"
20,14.6,39.4,96.2,16.9,7.3,15.7,4.5,4.7,13.9,17.7,8.2,4.6,1.9,2.9,8.1,4.7,7.2,7,0,"21201"
20,14.6,40.5,90.5,15.9,7.3,15.7,5,4.7,13.5,18.1,8.8,4.6,1.9,3.9,8.1,5.6,7.2,7.7,2009,"21199"
20,14.6,40.5,90.5,16.9,6.2,15.7,4.5,4.7,13.9,17.7,8.2,4.6,1.9,2.9,8.1,5.6,6.4,7.7,2113,"21197"
20,14.6,40.5,90.5,16.9,7.3,16.9,5,5.1,15.5,18.1,8.8,4.6,1.9,3.9,8.1,5.6,7.2,7.7,1943,"21200"
20,14.6,40.5,92.8,16.9,6.2,15.7,5,4.7,13.1,17.7,8.2,4.6,1.9,2.9,8.1,4.7,6.4,7,1508,"21198"
20,14.6,41.6,97.3,17.9,7.3,16.9,5,4.7,15.5,18.9,8.8,4.6,1.9,3.9,8.1,4.7,7.2,7,0,"21202"
21,11.7,36.2,77.9,14.9,6.2,14.5,4.5,4.2,13.1,16.5,8.2,4.6,1.9,2.9,7.2,4.7,5.6,6.3,307,"21227"
21,13.1,39.4,89.3,15.9,7.3,15.7,5,4.7,13.9,18.1,8.2,4.6,1.9,2.9,8.1,4.7,6.4,7,799,"21210"
21,13.1,40.5,82.5,15.9,7.3,15.7,5,5.1,15.5,18.1,8.8,4.6,1.9,3.9,8.1,5.6,7.2,7,0,"sadio"
21,14.6,38.4,85.9,15.9,7.3,15.7,5,4.7,13.1,17.7,8.2,4.6,1.9,3.9,8.1,4.7,6.4,7,483,"21196"
21,14.6,39.4,88.2,15.9,6.2,15.7,5,4.7,13.1,17.7,8.2,4.6,1.9,2.9,7.2,4.7,6.4,7,1508,"21198"
21,14.6,39.4,89.3,15.9,7.3,15.7,4.5,4.7,14.7,17.7,8.8,4.6,1.9,3.9,8.1,4.7,6.4,7,1788,"21195"
21,14.6,39.4,97.3,16.9,7.3,15.7,4.5,4.7,14.3,17.3,8.8,4.6,1.9,3.9,8.1,4.7,6.4,7,0,"21201"
21,14.6,40.5,89.3,16.9,7.3,15.7,4.5,4.7,13.9,18.5,8.8,4.6,1.9,2.9,8.1,4.7,6.4,7,0,"21202"
21,14.6,41.6,89.3,16.9,7.3,15.7,5,4.7,15.1,17.7,8.8,4.6,1.9,3.9,8.1,5.6,7.2,7,1943,"21200"
21,14.6,41.6,89.3,16.9,7.3,16.9,5,5.1,13.9,18.5,8.8,4.6,1.9,3.9,8.1,4.7,7.2,7,2113,"21197"
21,16,41.6,95.1,16.9,7.3,15.7,5,4.7,13.5,18.1,8.2,4.6,1.9,3.9,8.1,4.7,7.2,7.7,2009,"21199"
22,13.1,36.2,84.7,15.9,6.2,14.5,4.5,4.2,13.1,16.5,8.2,4.6,1.9,2.9,7.2,4.7,6.4,6.3,307,"21227"
22,13.1,39.4,89.3,15.9,7.3,15.7,5,4.7,13.9,18.1,8.2,4.6,1.9,2.9,8.1,4.7,6.4,7,799,"21210"
22,14.6,38.4,80.2,14.9,6.2,15.7,5,4.7,13.9,17.7,8.2,4.6,1.9,2.9,7.2,4.7,6.4,7,1508,"21198"
22,14.6,38.4,88.2,15.9,6.2,15.7,5,4.7,13.5,17.7,8.2,4.6,1.9,2.9,8.1,4.7,6.4,7,483,"21196"
22,14.6,39.4,83.6,15.9,7.3,15.7,5,4.7,13.9,18.1,8.2,4.6,1.9,3.9,8.1,4.7,7.2,7,0,"sadio"
22,14.6,39.4,93.9,16.9,7.3,15.7,4.5,4.7,13.9,18.1,8.2,4.6,1.9,3.9,8.1,4.7,6.4,7,0,"21202"
22,14.6,39.4,98.5,17.9,7.3,16.9,4.5,4.7,14.7,17.7,8.8,4.6,1.9,3.9,8.1,4.7,6.4,7,0,"21201"
22,14.6,40.5,87,15.9,7.3,15.7,4.5,4.7,14.7,17.3,8.8,4.6,1.9,3.9,8.1,5.6,7.2,7,1788,"21195"
22,14.6,40.5,88.2,15.9,6.2,15.7,5,4.7,13.5,18.1,8.2,4.6,1.9,2.9,7.2,4.7,6.4,7.7,2009,"21199"
22,14.6,40.5,96.2,16.9,7.3,15.7,5,4.7,14.3,17.7,8.8,4.6,1.9,2.9,8.1,4.7,7.2,7,2113,"21197"
22,16,41.6,91.6,16.9,7.3,16.9,5.5,5.1,14.3,19.7,8.8,4.6,1.9,3.9,9,5.6,7.2,7.7,1943,"21200"
23,13.1,36.2,84.7,15.9,6.2,14.5,4.5,4.2,13.1,16.5,8.2,4.6,1.9,2.9,7.2,4.7,6.4,6.3,307,"21227"
23,13.1,38.4,84.7,15.9,7.3,15.7,5,4.7,13.9,17.3,8.2,4.6,1.9,2.9,7.2,4.7,6.4,7,799,"21210"
23,14.6,38.4,88.2,15.9,6.2,15.7,5,4.7,13.5,17.7,8.2,4.6,1.9,2.9,8.1,4.7,6.4,7,483,"21196"
23,14.6,39.4,85.9,15.9,6.2,15.7,5,4.7,13.5,17.3,8.2,4.6,1.9,2.9,8.1,4.7,6.4,7,1508,"21198"
23,14.6,39.4,88.2,15.9,6.2,15.7,5,4.7,14.3,17.7,8.2,4.6,1.9,3.9,8.1,5.6,7.2,7.7,2009,"21199"
23,14.6,39.4,88.2,15.9,7.3,15.7,5,4.7,15.1,17.3,8.2,4.6,1.9,3.9,8.1,5.6,7.2,7,0,"sadio"
23,14.6,39.4,92.8,16.9,7.3,15.7,4.5,4.7,14.7,18.1,8.8,4.6,1.9,2.9,8.1,4.7,6.4,7,0,"21202"
23,14.6,39.4,97.3,16.9,7.3,15.7,5,4.7,14.3,17.7,8.2,4.6,1.9,2.9,8.1,4.7,7.2,7,2113,"21197"
23,14.6,39.4,98.5,17.9,7.3,16.9,4.5,4.7,14.7,17.7,8.8,4.6,1.9,3.9,8.1,4.7,6.4,7,0,"21201"
23,14.6,40.5,89.3,15.9,7.3,15.7,5,5.1,15.5,17.7,8.8,4.6,1.9,3.9,8.1,4.7,7.2,7,1788,"21195"
23,14.6,40.5,93.9,16.9,7.3,16.9,5,4.7,14.3,18.9,8.8,4.6,1.9,3.9,8.1,5.6,7.2,7.7,1943,"21200"
24,13.1,36.2,84.7,15.9,6.2,14.5,4.5,4.2,13.1,16.5,8.2,4.6,1.9,2.9,7.2,4.7,6.4,6.3,307,"21227"
24,13.1,39.4,85.9,15.9,6.2,15.7,5,4.7,13.5,17.7,8.2,4.6,1.9,2.9,8.1,4.7,6.4,7,1508,"21198"
24,14.6,38.4,88.2,15.9,6.2,15.7,5,4.7,13.5,17.7,8.2,4.6,1.9,2.9,8.1,4.7,6.4,7,483,"21196"
24,14.6,38.4,89.3,15.9,7.3,15.7,4.5,4.7,13.1,18.1,8.2,4.6,1.9,2.9,8.1,4.7,6.4,7,799,"21210"
24,14.6,39.4,93.9,16.9,7.3,15.7,4.5,4.7,14.3,18.1,8.2,4.6,1.9,2.9,7.2,4.7,6.4,7,0,"21202"
24,14.6,39.4,96.2,16.9,7.3,15.7,4.5,4.7,13.9,17.3,8.2,4.6,1.9,2.9,8.1,4.7,6.4,7,0,"21201"
24,14.6,39.4,97.3,16.9,7.3,15.7,5,4.7,14.3,17.7,8.8,4.6,1.9,2.9,8.1,4.7,7.2,7,2113,"21197"
24,14.6,40.5,87,15.9,7.3,15.7,4.5,4.7,14.7,18.1,8.2,4.6,1.9,3.9,8.1,4.7,6.4,7,0,"sadio"
24,14.6,40.5,90.5,16.9,7.3,15.7,5,5.1,15.5,18.1,8.8,4.6,1.9,3.9,8.1,5.6,7.2,7,1788,"21195"
24,16,40.5,83.6,15.9,7.3,15.7,5,5.1,15.9,17.3,8.8,4.6,1.9,3.9,8.1,5.6,7.2,7.7,2009,"21199"
24,16,40.5,96.2,16.9,7.3,16.9,5.5,5.1,15.1,18.1,8.8,4.6,1.9,3.9,9,5.6,7.2,7.7,1943,"21200"
25,13.1,36.2,84.7,15.9,6.2,14.5,4.5,4.2,13.1,16.5,8.2,4.6,1.9,2.9,7.2,4.7,6.4,6.3,307,"21227"
25,13.1,38.4,85.9,15.9,7.3,15.7,4.5,4.7,13.9,17.7,8.2,4.6,1.9,2.9,8.1,4.7,6.4,6.3,799,"21210"
25,13.1,39.4,85.9,15.9,6.2,15.7,5,4.7,13.5,17.7,8.2,4.6,1.9,2.9,8.1,4.7,6.4,7,1508,"21198"
25,14.6,38.4,88.2,15.9,6.2,15.7,5,4.7,13.5,17.7,8.2,4.6,1.9,2.9,8.1,4.7,6.4,7,483,"21196"
25,14.6,39.4,83.6,15.9,6.2,15.7,5,5.1,15.9,18.1,8.2,4.6,1.9,3.9,8.1,5.6,7.2,7.7,2009,"21199"
25,14.6,39.4,87,15.9,7.3,15.7,5,5.1,13.9,18.5,8.2,4.6,1.9,3.9,8.1,5.6,7.2,7,0,"sadio"
25,14.6,39.4,96.2,16.9,7.3,15.7,5,4.7,14.3,17.7,8.8,4.6,1.9,2.9,8.1,4.7,7.2,7,2113,"21197"
25,14.6,39.4,103.1,17.9,7.3,16.9,4.5,4.7,14.7,18.5,8.8,4.6,1.9,3.9,8.1,4.7,6.4,7,0,"21202"
25,14.6,40.5,90.5,16.9,7.3,15.7,5,5.1,15.5,18.5,8.8,4.6,1.9,3.9,8.1,5.6,7.2,7,1788,"21195"
25,14.6,40.5,95.1,16.9,7.3,16.9,5.5,5.1,15.5,18.5,8.8,4.6,1.9,3.9,8.1,5.6,7.2,7.7,1943,"21200"
25,14.6,40.5,97.3,16.9,7.3,15.7,4.5,4.7,13.9,17.3,8.2,4.6,1.9,2.9,7.2,4.7,6.4,7,0,"21201"
26,13.1,36.2,84.7,15.9,6.2,14.5,4.5,4.2,13.1,16.5,8.2,4.6,1.9,2.9,7.2,4.7,6.4,6.3,307,"21227"
26,13.1,37.3,84.7,15.9,6.2,15.7,4.5,4.7,13.5,17.3,8.2,4.6,1.9,2.9,7.2,4.7,6.4,6.3,799,"21210"
26,13.1,39.4,85.9,15.9,6.2,15.7,5,4.7,13.5,17.7,8.2,4.6,1.9,2.9,8.1,4.7,6.4,7,1508,"21198"
26,14.6,38.4,88.2,15.9,6.2,15.7,5,4.7,13.5,17.7,8.2,4.6,1.9,2.9,8.1,4.7,6.4,7,483,"21196"
26,14.6,39.4,83.6,15.9,6.2,15.7,5,5.1,15.9,18.1,8.2,4.6,1.9,3.9,8.1,5.6,7.2,7.7,2009,"21199"
26,14.6,39.4,103.1,17.9,7.3,16.9,4.5,4.7,14.7,18.5,8.8,4.6,1.9,3.9,8.1,4.7,6.4,7,0,"21202"
26,14.6,40.5,85.9,15.9,7.3,15.7,4.5,4.7,14.7,18.1,8.2,4.6,1.9,2.9,8.1,5.6,6.4,7,1788,"21195"
26,14.6,40.5,91.6,16.9,7.3,15.7,5,4.7,13.5,18.1,8.8,4.6,1.9,3.9,8.1,4.7,7.2,7,2113,"21197"
26,14.6,40.5,93.9,16.9,7.3,15.7,5,5.1,15.1,18.1,8.8,4.6,1.9,3.9,8.1,5.6,7.2,7.7,0,"sadio"
26,14.6,40.5,95.1,16.9,7.3,16.9,4.5,4.7,14.3,18.5,8.8,4.6,1.9,2.9,8.1,4.7,6.4,7,0,"21201"
26,14.6,40.5,96.2,16.9,7.3,16.9,5.5,5.1,15.5,18.5,8.8,4.6,1.9,3.9,8.1,5.6,7.2,7.7,1943,"21200"
27,13.1,36.2,81.3,14.9,6.2,14.5,4.5,4.2,12.7,16.5,8.2,4.6,1.9,2.9,7.2,4.7,5.6,6.3,307,"21227"
27,13.1,39.4,85.9,15.9,6.2,15.7,5,4.7,13.5,17.7,8.2,4.6,1.9,2.9,8.1,4.7,6.4,7,1508,"21198"
27,14.6,38.4,88.2,15.9,6.2,15.7,5,4.7,13.5,17.7,8.2,4.6,1.9,2.9,8.1,4.7,6.4,7,483,"21196"
27,14.6,38.4,95.1,16.9,7.3,15.7,4.5,4.2,12.7,17.7,8.2,4.6,1.9,3.9,8.1,4.7,6.4,7,799,"21210"
27,14.6,39.4,84.7,15.9,6.2,15.7,5,5.1,15.9,18.1,8.2,4.6,1.9,3.9,8.1,5.6,7.2,7.7,2009,"21199"
27,14.6,39.4,103.1,17.9,7.3,16.9,4.5,4.7,14.7,18.5,8.8,4.6,1.9,3.9,8.1,4.7,6.4,7,0,"21202"
27,14.6,40.5,89.3,15.9,7.3,15.7,5,4.7,14.3,17.3,8.8,4.6,1.9,3.9,8.1,4.7,7.2,7,1788,"21195"
27,14.6,40.5,93.9,16.9,7.3,15.7,5,5.1,15.5,18.1,8.8,4.6,1.9,3.9,8.1,5.6,7.2,7.7,0,"sadio"
27,14.6,40.5,96.2,16.9,7.3,16.9,5.5,5.1,15.5,18.5,8.8,4.6,1.9,3.9,8.1,5.6,7.2,7.7,1943,"21200"
27,14.6,40.5,97.3,17.9,7.3,16.9,4.5,4.7,14.3,17.7,8.2,4.6,1.9,3.9,8.1,4.7,6.4,7,0,"21201"
27,14.6,41.6,91.6,16.9,7.3,15.7,5,4.7,14.3,17.3,8.8,4.6,1.9,2.9,8.1,4.7,7.2,7,2113,"21197"
28,13.1,36.2,84.7,15.9,6.2,15.7,4.5,4.2,12.7,16.5,7.6,4.6,1.9,2.9,8.1,4.7,6.4,6.3,307,"21227"
28,14.6,38.4,95.1,16.9,7.3,15.7,4.5,4.2,12.7,17.7,8.2,4.6,1.9,3.9,8.1,4.7,6.4,7,799,"21210"
28,14.6,39.4,89.3,15.9,6.2,15.7,4.5,4.2,13.5,16.9,8.2,4.6,1.9,2.9,8.1,4.7,6.4,7,1508,"21198"
28,14.6,39.4,89.3,15.9,7.3,15.7,5,4.7,13.9,17.7,8.2,4.6,1.9,3.9,8.1,5.6,7.2,7.7,483,"21196"
28,14.6,39.4,90.5,15.9,7.3,15.7,4.5,4.7,14.3,17.7,8.8,4.6,1.9,3.9,8.1,5.6,7.2,7.7,2009,"21199"
28,14.6,39.4,103.1,17.9,7.3,16.9,4.5,4.7,14.7,18.5,8.8,4.6,1.9,3.9,8.1,4.7,6.4,7,0,"21202"
28,14.6,40.5,87,15.9,7.3,15.7,5,4.7,15.5,18.1,8.8,4.6,1.9,3.9,8.1,5.6,7.2,7,0,"sadio"
28,14.6,40.5,88.2,15.9,7.3,15.7,5,4.7,14.7,17.7,8.2,4.6,1.9,2.9,8.1,4.7,6.4,7,1788,"21195"
28,14.6,40.5,96.2,16.9,7.3,16.9,5.5,5.1,15.5,18.5,8.8,4.6,1.9,3.9,8.1,5.6,7.2,7.7,1943,"21200"
28,14.6,40.5,97.3,17.9,7.3,15.7,4.5,4.7,14.3,18.1,8.2,4.6,1.9,2.9,8.1,4.7,6.4,7,0,"21201"
28,14.6,43.7,91.6,16.9,7.3,16.9,5.5,5.1,15.5,19.3,8.8,4.6,1.9,3.9,8.1,5.6,7.2,7,2113,"21197"
29,13.1,37.3,83.6,14.9,6.2,15.7,4.5,4.2,12.7,16.9,8.2,4.6,1.9,2.9,8.1,4.7,6.4,6.3,307,"21227"
29,14.6,38.4,95.1,16.9,7.3,15.7,4.5,4.2,12.7,17.7,8.2,4.6,1.9,2.9,8.1,4.7,6.4,7,799,"21210"
29,14.6,39.4,87,15.9,7.3,16.9,5,4.7,14.7,18.5,8.8,4.6,1.9,3.9,8.1,5.6,7.2,7.7,1943,"21200"
29,14.6,39.4,89.3,15.9,7.3,15.7,5,4.7,13.9,17.7,8.2,4.6,1.9,3.9,8.1,4.7,7.2,7.7,483,"21196"
29,14.6,39.4,90.5,15.9,7.3,15.7,5,5.1,14.7,17.3,8.8,4.6,1.9,3.9,8.1,5.6,7.2,7.7,2009,"21199"
29,14.6,39.4,103.1,17.9,7.3,16.9,4.5,4.7,14.7,18.5,8.8,4.6,1.9,3.9,8.1,4.7,6.4,7,0,"21202"
29,14.6,40.5,83.6,15.9,7.3,15.7,5,4.7,13.9,18.5,8.2,4.6,1.9,3.9,8.1,5.6,7.2,7,0,"sadio"
29,14.6,40.5,90.5,16.9,7.3,15.7,5,4.7,14.3,17.7,8.2,4.6,1.9,3.9,8.1,4.7,6.4,7,1788,"21195"
29,14.6,40.5,97.3,17.9,7.3,15.7,4.5,4.7,14.3,18.1,8.2,4.6,1.9,3.9,8.1,4.7,6.4,7,0,"21201"
29,14.6,41.6,81.3,15.9,7.3,15.7,5,5.1,14.3,17.3,8.8,4.6,1.9,3.9,8.1,4.7,7.2,7.7,1508,"21198"
29,14.6,43.7,93.9,16.9,7.3,16.9,6,5.1,15.5,19.3,8.8,4.6,1.9,3.9,8.1,5.6,7.2,7,2113,"21197"
30,13.1,37.3,84.7,15.9,6.2,15.7,4.5,4.7,13.9,16.5,8.2,4.6,1.9,2.9,7.2,4.7,6.4,6.3,307,"21227"
30,13.1,38.4,84.7,15.9,7.3,15.7,5,4.7,13.1,18.1,8.2,4.6,1.9,2.9,8.1,4.7,6.4,7,799,"21210"
30,14.6,39.4,82.5,15.9,7.3,15.7,5,5.1,15.5,17.7,8.2,4.6,1.9,3.9,8.1,5.6,7.2,7.7,0,"sadio"
30,14.6,39.4,89.3,15.9,7.3,15.7,5,4.7,13.9,17.7,8.2,4.6,1.9,3.9,8.1,4.7,7.2,7.7,483,"21196"
30,14.6,39.4,97.3,17.9,7.3,16.9,5,4.7,14.7,18.9,8.8,4.6,1.9,2.9,8.1,4.7,6.4,7,0,"21202"
30,14.6,40.5,87,15.9,7.3,16.9,5,4.7,13.9,18.5,8.8,4.6,1.9,2.9,8.1,5.6,7.2,7.7,2113,"21197"
30,14.6,40.5,90.5,16.9,7.3,15.7,5,4.7,14.3,17.7,8.2,4.6,1.9,3.9,8.1,4.7,6.4,7,1788,"21195"
30,14.6,40.5,91.6,15.9,7.3,15.7,4.5,4.7,14.7,17.3,8.8,4.6,1.9,3.9,8.1,5.6,7.2,7,1943,"21200"
30,14.6,40.5,97.3,17.9,7.3,15.7,4.5,4.7,14.3,18.1,8.2,4.6,1.9,2.9,8.1,4.7,6.4,7,0,"21201"
30,16,38.4,93.9,16.9,7.3,16.9,4.5,4.7,13.5,17.3,8.8,4.6,1.9,3.9,9,5.6,7.9,7.7,1508,"21198"
30,16,40.5,91.6,15.9,7.3,15.7,5,4.7,15.1,18.1,8.8,4.6,1.9,3.9,8.1,5.6,7.2,7.7,2009,"21199"
31,13.1,37.3,89.3,15.9,6.2,15.7,5,4.7,13.9,17.7,8.2,4.6,1.9,2.9,7.2,4.7,6.4,6.3,307,"21227"
31,14.6,38.4,89.3,15.9,6.2,15.7,4.5,4.7,13.1,17.3,8.2,4.6,1.9,2.9,7.2,4.7,6.4,7,799,"21210"
31,14.6,39.4,88.2,15.9,7.3,15.7,5,4.7,14.3,17.7,8.2,4.6,1.9,2.9,8.1,4.7,6.4,7,1788,"21195"
31,14.6,39.4,89.3,15.9,7.3,15.7,5,4.7,13.9,17.7,8.2,4.6,1.9,3.9,8.1,4.7,7.2,7.7,483,"21196"
31,14.6,39.4,98.5,17.9,7.3,15.7,5,4.7,14.7,18.1,8.8,4.6,1.9,3.9,8.1,4.7,6.4,7,0,"21202"
31,14.6,40.5,93.9,16.9,7.3,15.7,5,4.7,14.3,18.1,8.2,4.6,1.9,2.9,7.2,4.7,6.4,7,0,"21201"
31,14.6,41.6,85.9,15.9,7.3,15.7,5,4.7,14.3,17.7,8.8,4.6,1.9,3.9,8.1,5.6,7.2,7,1943,"21200"
31,14.6,41.6,89.3,16.9,7.3,15.7,5,4.7,13.9,17.7,8.8,4.6,1.9,3.9,8.1,5.6,7.2,7.7,2113,"21197"
31,16,38.4,93.9,16.9,7.3,16.9,4.5,4.7,13.5,17.3,8.8,4.6,1.9,3.9,9,5.6,7.9,7.7,1508,"21198"
31,16,39.4,96.2,16.9,7.3,15.7,5,4.7,15.9,18.1,8.8,4.6,1.9,3.9,8.1,4.7,7.2,7.7,0,"sadio"
31,16,41.6,91.6,16.9,7.3,15.7,5,4.7,14.7,18.1,8.8,4.6,1.9,3.9,8.1,5.6,7.2,7.7,2009,"21199"
32,13.1,37.3,85.9,15.9,7.3,14.5,4.5,4.2,12.7,16.5,8.2,4.6,1.9,2.9,7.2,4.7,6.4,6.3,799,"21210"
32,13.1,37.3,89.3,15.9,6.2,15.7,5,4.7,13.9,17.7,8.2,4.6,1.9,2.9,7.2,4.7,6.4,6.3,307,"21227"
32,14.6,38.4,98.5,17.9,7.3,15.7,4.5,4.7,14.3,17.7,8.8,4.6,1.9,2.9,8.1,4.7,6.4,7,0,"21202"
32,14.6,39.4,85.9,15.9,6.2,15.7,5,4.7,14.7,18.1,8.2,4.6,1.9,3.9,8.1,5.6,7.2,7,0,"sadio"
32,14.6,39.4,89.3,15.9,7.3,15.7,5,4.7,13.9,17.7,8.2,4.6,1.9,3.9,8.1,4.7,7.2,7.7,483,"21196"
32,14.6,39.4,91.6,16.9,7.3,15.7,4.5,4.2,13.5,16.9,8.2,4.6,1.9,2.9,8.1,4.7,6.4,7,0,"21201"
32,14.6,40.5,87,16.9,7.3,15.7,5,5.1,14.7,17.7,8.8,4.6,1.9,3.9,8.1,4.7,7.2,7,1788,"21195"
32,14.6,40.5,90.5,15.9,7.3,16.9,5,4.7,14.7,18.1,8.8,4.6,1.9,3.9,8.1,5.6,7.2,7.7,1943,"21200"
32,14.6,41.6,93.9,16.9,7.3,15.7,5,5.1,14.7,18.1,8.8,4.6,1.9,3.9,8.1,5.6,7.2,7.7,2113,"21197"
32,16,38.4,90.5,16.9,7.3,15.7,4.5,4.7,13.1,16.9,8.2,4.6,1.9,3.9,8.1,4.7,7.2,7.7,1508,"21198"
32,16,41.6,91.6,15.9,7.3,15.7,5,4.7,14.7,18.5,8.8,4.6,1.9,3.9,8.1,5.6,7.2,7.7,2009,"21199"
33,13.1,37.3,89.3,15.9,6.2,15.7,5,4.7,13.9,17.7,8.2,4.6,1.9,2.9,7.2,4.7,6.4,6.3,307,"21227"
33,13.1,38.4,76.7,14.9,6.2,15.7,5,5.1,13.1,16.9,8.2,4.6,1.9,2.9,7.2,4.7,6.4,6.3,1508,"21198"
33,14.6,38.4,85.9,15.9,6.2,15.7,4.5,4.7,13.5,17.7,8.2,4.6,1.9,2.9,7.2,4.7,6.4,7,799,"21210"
33,14.6,38.4,98.5,16.9,7.3,15.7,4.5,4.7,14.7,17.7,8.2,4.6,1.9,2.9,8.1,4.7,6.4,7,0,"21202"
33,14.6,39.4,84.7,15.9,7.3,15.7,5,5.1,15.1,16.5,8.2,4.6,1.9,3.9,8.1,4.7,7.2,7,0,"sadio"
33,14.6,39.4,89.3,15.9,7.3,15.7,5,4.7,13.9,17.7,8.2,4.6,1.9,3.9,8.1,4.7,7.2,7.7,483,"21196"
33,14.6,40.5,89.3,15.9,7.3,15.7,5,4.7,14.3,18.1,8.2,4.6,1.9,3.9,8.1,4.7,7.2,7.7,1788,"21195"
33,14.6,40.5,90.5,15.9,7.3,16.9,5,4.7,14.7,18.1,8.8,4.6,1.9,3.9,8.1,5.6,7.2,7.7,1943,"21200"
33,14.6,40.5,96.2,17.9,7.3,15.7,4.5,4.7,14.3,17.3,8.8,4.6,1.9,3.9,8.1,5.6,6.4,7,0,"21201"
33,14.6,41.6,93.9,16.9,7.3,15.7,5,5.1,15.5,18.1,8.8,4.6,1.9,3.9,8.1,5.6,7.2,7.7,2113,"21197"
33,16,41.6,91.6,16.9,7.3,15.7,5,4.7,14.7,18.1,8.8,4.6,1.9,3.9,8.1,5.6,7.2,7.7,2009,"21199"
34,13.1,37.3,89.3,15.9,6.2,15.7,5,4.7,13.9,17.7,8.2,4.6,1.9,2.9,7.2,4.7,6.4,6.3,307,"21227"
34,13.1,39.4,83.6,15.9,6.2,15.7,5,4.7,14.3,17.7,8.2,4.6,1.9,3.9,8.1,4.7,7.2,7,483,"21196"
34,14.6,36.2,80.2,15.9,7.3,15.7,5,4.7,12.7,16.9,8.2,4.6,1.9,2.9,9,4.7,7.2,7,1508,"21198"
34,14.6,38.4,98.5,16.9,7.3,15.7,4.5,4.7,14.7,17.7,8.2,4.6,1.9,2.9,8.1,4.7,6.4,7,0,"21202"
34,14.6,39.4,85.9,15.9,7.3,15.7,4.5,4.7,13.5,18.1,8.2,4.6,1.9,2.9,7.2,4.7,6.4,7,799,"21210"
34,14.6,39.4,88.2,15.9,7.3,15.7,5,4.7,13.9,17.7,8.8,4.6,1.9,3.9,8.1,5.6,7.2,7,1788,"21195"
34,14.6,40.5,90.5,15.9,7.3,16.9,5,4.7,14.7,18.1,8.8,4.6,1.9,3.9,8.1,5.6,7.2,7.7,1943,"21200"
34,14.6,40.5,95.1,16.9,7.3,15.7,5,4.7,13.9,18.1,8.2,4.6,1.9,3.9,8.1,4.7,7.2,7.7,0,"sadio"
34,14.6,40.5,98.5,17.9,7.3,16.9,5,4.7,14.7,18.9,8.8,4.6,1.9,2.9,8.1,4.7,6.4,7,0,"21201"
34,14.6,41.6,93.9,16.9,7.3,15.7,5,5.1,15.5,18.1,8.8,4.6,1.9,3.9,8.1,5.6,7.2,7.7,2113,"21197"
34,16,40.5,92.8,16.9,7.3,15.7,4.5,4.7,13.5,18.5,8.8,4.6,1.9,3.9,8.1,5.6,7.2,7.7,2009,"21199"
35,13.1,37.3,89.3,15.9,6.2,15.7,5,4.7,13.9,17.7,8.2,4.6,1.9,2.9,7.2,4.7,6.4,6.3,307,"21227"
35,13.1,39.4,82.5,15.9,6.2,15.7,5,4.7,13.9,17.3,8.2,4.6,1.9,2.9,8.1,4.7,7.2,7,483,"21196"
35,14.6,38.4,82.5,15.9,7.3,15.7,5,4.7,13.1,17.3,8.2,4.6,1.9,3.9,8.1,4.7,7.2,7.7,1508,"21198"
35,14.6,38.4,98.5,16.9,7.3,15.7,4.5,4.7,14.7,17.7,8.2,4.6,1.9,2.9,8.1,4.7,6.4,7,0,"21202"
35,14.6,39.4,82.5,15.9,6.2,15.7,5,4.7,15.5,17.7,8.2,4.6,1.9,2.9,8.1,5.6,6.4,7,1788,"21195"
35,14.6,39.4,85.9,15.9,7.3,15.7,4.5,4.7,13.5,18.1,8.2,4.6,1.9,2.9,7.2,4.7,6.4,7,799,"21210"
35,14.6,40.5,90.5,15.9,7.3,16.9,5,4.7,14.7,18.1,8.8,4.6,1.9,3.9,8.1,5.6,7.2,7.7,1943,"21200"
35,14.6,40.5,95.1,16.9,7.3,15.7,5,4.7,13.9,18.1,8.2,4.6,1.9,3.9,9,4.7,7.2,7.7,0,"sadio"
35,14.6,41.6,93.9,16.9,7.3,15.7,5,5.1,15.1,17.7,8.8,4.6,1.9,3.9,8.1,5.6,7.2,7.7,2113,"21197"
35,14.6,41.6,97.3,17.9,7.3,16.9,5,5.1,15.1,18.9,8.8,4.6,1.9,2.9,8.1,4.7,6.4,7,0,"21201"
35,16,40.5,93.9,16.9,7.3,15.7,4.5,4.7,13.5,16.5,8.2,4.6,1.9,3.9,8.1,5.6,7.2,7.7,2009,"21199"
36,13.1,37.3,81.3,15.9,6.2,14.5,4.5,4.7,13.9,16.5,8.2,4.6,1.9,2.9,7.2,4.7,6.4,6.3,307,"21227"
36,13.1,39.4,88.2,15.9,7.3,15.7,4.5,4.7,13.1,17.7,8.2,4.6,1.9,2.9,7.2,4.7,6.4,6.3,799,"21210"
36,14.6,38.4,82.5,15.9,6.2,15.7,5,4.7,13.5,17.3,8.2,4.6,1.9,3.9,8.1,4.7,6.4,7,483,"21196"
36,14.6,38.4,82.5,15.9,7.3,15.7,5,4.7,13.1,17.3,8.2,4.6,1.9,3.9,8.1,4.7,7.2,7.7,1508,"21198"
36,14.6,38.4,99.6,17.9,7.3,15.7,4.5,4.7,14.7,17.7,8.2,4.6,1.9,2.9,8.1,4.7,6.4,7,0,"21202"
36,14.6,39.4,84.7,15.9,7.3,15.7,5,4.7,13.1,17.7,8.2,4.6,1.9,3.9,8.1,4.7,6.4,7,0,"sadio"
36,14.6,39.4,88.2,15.9,7.3,15.7,5,4.7,15.5,17.7,8.8,4.6,1.9,3.9,8.1,5.6,6.4,7,1788,"21195"
36,14.6,39.4,90.5,16.9,7.3,15.7,5,5.1,14.7,17.3,8.8,4.6,1.9,3.9,8.1,5.6,7.2,7,2113,"21197"
36,14.6,39.4,91.6,16.9,7.3,16.9,4.5,4.7,13.9,18.9,8.2,4.6,1.9,2.9,7.2,4.7,6.4,7,0,"21201"
36,14.6,40.5,90.5,15.9,7.3,16.9,5,4.7,14.7,18.1,8.8,4.6,1.9,3.9,8.1,5.6,7.2,7.7,1943,"21200"
36,16,40.5,85.9,16.9,7.3,15.7,5,5.1,15.9,16.5,8.8,4.6,1.9,3.9,8.1,5.6,7.9,7.7,2009,"21199"
37,13.1,37.3,87,15.9,7.3,15.7,4.5,4.7,12.7,17.3,8.2,4.6,1.9,2.9,7.2,4.7,6.4,6.3,799,"21210"
37,13.1,38.4,87,15.9,6.2,15.7,4.5,4.7,13.5,16.5,8.2,4.6,1.9,2.9,7.2,4.7,6.4,6.3,307,"21227"
37,14.6,38.4,82.5,15.9,7.3,15.7,5,4.7,13.1,17.3,8.2,4.6,1.9,3.9,8.1,4.7,7.2,7.7,1508,"21198"
37,14.6,38.4,89.3,15.9,7.3,15.7,4.5,4.7,13.9,17.7,8.2,4.6,1.9,3.9,8.1,4.7,6.4,7,0,"21201"
37,14.6,38.4,97.3,16.9,7.3,15.7,4.5,4.7,14.7,18.1,8.2,4.6,1.9,2.9,8.1,4.7,6.4,7,0,"21202"
37,14.6,39.4,85.9,15.9,6.2,15.7,5,4.7,14.3,17.7,8.2,4.6,1.9,3.9,8.1,4.7,6.4,7,483,"21196"
37,14.6,39.4,88.2,15.9,7.3,15.7,5,4.7,15.5,17.7,8.8,4.6,1.9,3.9,8.1,5.6,6.4,7,1788,"21195"
37,14.6,40.5,87,15.9,7.3,16.9,4.5,4.7,14.3,17.7,8.8,4.6,1.9,3.9,8.1,5.6,7.2,7.7,1943,"21200"
37,14.6,40.5,87,16.9,7.3,16.9,5,5.1,15.9,18.5,8.8,4.6,1.9,3.9,8.1,5.6,7.9,7.7,2009,"21199"
37,14.6,40.5,92.8,16.9,7.3,15.7,5,4.7,14.7,18.1,8.8,4.6,1.9,3.9,8.1,5.6,7.2,7,2113,"21197"
37,16,38.4,87,15.9,7.3,15.7,5,5.1,15.5,18.1,8.2,4.6,1.9,3.9,8.1,4.7,7.2,7.7,0,"sadio"
38,13.1,37.3,92.8,15.9,6.2,15.7,4.5,4.2,13.5,16.5,8.2,4.6,1.9,2.9,8.1,4.7,6.4,7,307,"21227"
38,14.6,37.3,87,15.9,6.2,15.7,4.5,4.2,13.1,17.3,8.2,4.6,1.9,2.9,8.1,4.7,6.4,7,799,"21210"
38,14.6,38.4,82.5,15.9,7.3,15.7,5,4.7,13.1,17.3,8.2,4.6,1.9,3.9,8.1,4.7,7.2,7.7,1508,"21198"
38,14.6,39.4,85.9,15.9,6.2,15.7,5,4.7,14.3,17.7,8.2,4.6,1.9,3.9,8.1,4.7,6.4,7,483,"21196"
38,14.6,39.4,88.2,15.9,7.3,15.7,5,4.7,15.5,18.1,8.8,4.6,1.9,3.9,8.1,5.6,6.4,7,1788,"21195"
38,14.6,40.5,87,16.9,7.3,16.9,5.5,5.1,15.9,18.5,8.8,4.6,1.9,3.9,8.1,5.6,7.9,7.7,2009,"21199"
38,14.6,40.5,89.3,15.9,7.3,15.7,4.5,4.7,13.9,17.3,8.8,4.6,1.9,3.9,8.1,5.6,7.2,7.7,1943,"21200"
38,14.6,40.5,90.5,16.9,7.3,15.7,4.5,4.7,13.5,17.3,8.2,4.6,1.9,2.9,8.1,4.7,6.4,7,0,"21201"
38,14.6,40.5,92.8,16.9,7.3,15.7,5,4.7,14.7,17.7,8.2,4.6,1.9,3.9,8.1,5.6,7.2,7,2113,"21197"
38,14.6,40.5,98.5,17.9,7.3,15.7,5,4.7,14.3,18.1,8.8,4.6,1.9,2.9,8.1,4.7,6.4,7,0,"21202"
38,16,37.3,93.9,16.9,6.2,15.7,4.5,4.7,15.5,17.3,8.2,4.6,1.9,3.9,8.1,5.6,7.2,7.7,0,"sadio"
39,13.1,37.3,80.2,14.9,6.2,15.7,4.5,4.7,13.5,17.3,8.2,4.6,1.9,2.9,7.2,4.7,6.4,6.3,799,"21210"
39,14.6,37.3,88.2,15.9,6.2,15.7,4.5,4.7,13.5,16.9,8.2,4.6,1.9,2.9,8.1,4.7,6.4,7,307,"21227"
39,14.6,38.4,82.5,15.9,7.3,15.7,5,4.7,13.1,17.3,8.2,4.6,1.9,3.9,8.1,4.7,7.2,7.7,1508,"21198"
39,14.6,39.4,84.7,15.9,7.3,15.7,4.5,4.7,14.3,17.7,8.2,4.6,1.9,3.9,8.1,5.6,7.2,7,1788,"21195"
39,14.6,39.4,85.9,15.9,6.2,15.7,5,4.7,14.3,17.7,8.2,4.6,1.9,3.9,8.1,4.7,6.4,7,483,"21196"
39,14.6,39.4,90.5,15.9,7.3,15.7,4.5,4.7,13.1,16.9,8.2,4.6,1.9,3.9,8.1,4.7,7.2,7.7,2009,"21199"
39,14.6,39.4,93.9,16.9,7.3,15.7,4.5,4.7,13.9,18.1,8.2,4.6,1.9,2.9,8.1,4.7,6.4,7,0,"21202"
39,14.6,39.4,93.9,16.9,7.3,16.9,4.5,4.7,13.9,18.1,8.2,4.6,1.9,3.9,8.1,4.7,6.4,7,0,"21201"
39,14.6,39.4,95.1,16.9,7.3,15.7,4.5,4.7,13.5,17.7,8.8,4.6,1.9,3.9,9,5.6,7.2,7,1943,"21200"
39,14.6,40.5,88.2,15.9,7.3,15.7,4.5,4.7,15.5,16.9,8.2,4.6,1.9,3.9,8.1,5.6,7.2,7.7,0,"sadio"
39,14.6,40.5,92.8,16.9,7.3,15.7,5,4.7,14.7,17.7,8.8,4.6,1.9,3.9,8.1,5.6,7.2,7,2113,"21197"
40,14.6,36.2,97.3,15.9,6.2,14.5,4,4.2,13.5,15.7,7.6,4.6,1.9,2.9,7.2,4.7,6.4,7,799,"21210"
40,14.6,37.3,88.2,15.9,6.2,15.7,4.5,4.7,13.5,17.3,8.2,4.6,1.9,2.9,8.1,4.7,6.4,7,307,"21227"
40,14.6,38.4,82.5,15.9,7.3,15.7,5,4.7,13.1,17.3,8.2,4.6,1.9,3.9,8.1,4.7,7.2,7.7,1508,"21198"
40,14.6,39.4,84.7,15.9,7.3,15.7,4.5,4.7,14.3,17.7,8.2,4.6,1.9,3.9,8.1,5.6,6.4,7,1788,"21195"
40,14.6,39.4,85.9,15.9,6.2,15.7,5,4.7,14.3,17.7,8.2,4.6,1.9,3.9,8.1,4.7,6.4,7,483,"21196"
40,14.6,39.4,87,15.9,6.2,15.7,5,4.7,13.9,16.5,8.2,4.6,1.9,2.9,8.1,4.7,6.4,7,2009,"21199"
40,14.6,39.4,93.9,16.9,7.3,16.9,4.5,4.7,13.9,18.1,8.2,4.6,1.9,3.9,8.1,4.7,6.4,7,0,"21201"
40,14.6,39.4,93.9,17.9,7.3,15.7,4.5,4.7,13.9,18.5,8.2,4.6,1.9,2.9,7.2,4.7,6.4,7,0,"21202"
40,14.6,40.5,89.3,16.9,7.3,15.7,4.5,4.7,14.7,17.3,8.8,4.6,1.9,3.9,8.1,5.6,7.2,7,2113,"21197"
40,16,39.4,98.5,16.9,7.3,15.7,4.5,4.2,13.1,17.3,8.2,4.6,1.9,3.9,9,5.6,7.2,7.7,0,"sadio"
40,16,40.5,98.5,16.9,7.3,16.9,5,4.7,13.5,18.1,8.8,4.6,1.9,3.9,8.1,4.7,7.2,7.7,1943,"21200"
41,14.6,37.3,88.2,15.9,6.2,15.7,4.5,4.7,13.5,17.3,8.2,4.6,1.9,2.9,8.1,4.7,6.4,7,307,"21227"
41,14.6,37.3,89.3,15.9,7.3,15.7,5,4.7,14.7,17.3,8.2,4.6,1.9,2.9,8.1,4.7,6.4,7,799,"21210"
41,14.6,38.4,79,14.9,6.2,15.7,5,4.7,14.3,17.7,8.2,4.6,1.9,3.9,8.1,4.7,7.2,7,483,"21196"
41,14.6,38.4,82.5,15.9,7.3,15.7,5,4.7,13.1,17.3,8.2,4.6,1.9,3.9,8.1,4.7,7.2,7.7,1508,"21198"
41,14.6,39.4,93.9,16.9,7.3,15.7,4.5,4.7,13.9,18.1,8.2,4.6,1.9,3.9,8.1,4.7,6.4,7,0,"21201"
41,14.6,39.4,98.5,17.9,7.3,16.9,5,4.7,13.5,18.5,8.2,4.6,1.9,2.9,8.1,4.7,6.4,7,0,"21202"
41,14.6,40.5,83.6,15.9,7.3,15.7,5,5.1,15.1,17.3,8.8,4.6,1.9,3.9,8.1,5.6,7.2,7,2009,"21199"
41,14.6,40.5,91.6,15.9,7.3,15.7,4.5,4.7,14.7,17.7,8.8,4.6,1.9,3.9,8.1,5.6,7.2,7.7,1788,"21195"
41,14.6,40.5,93.9,16.9,7.3,16.9,5,4.7,13.9,18.5,8.8,4.6,1.9,3.9,8.1,4.7,7.2,7.7,1943,"21200"
41,14.6,41.6,91.6,16.9,7.3,15.7,5,4.7,14.3,17.3,8.8,4.6,1.9,3.9,8.1,5.6,7.2,7,2113,"21197"
41,16,40.5,98.5,16.9,7.3,15.7,4.5,4.7,14.3,17.7,8.2,4.6,1.9,3.9,9,5.6,7.2,8.4,0,"sadio"
42,13.1,38.4,95.1,16.9,7.3,15.7,4.5,4.2,13.1,18.1,8.2,4.6,1.9,2.9,8.1,4.7,6.4,7,0,"21201"
42,14.6,37.3,88.2,15.9,6.2,15.7,4.5,4.7,13.5,17.3,8.2,4.6,1.9,2.9,8.1,4.7,6.4,7,307,"21227"
42,14.6,38.4,82.5,15.9,7.3,15.7,5,4.7,13.1,17.3,8.2,4.6,1.9,3.9,8.1,4.7,7.2,7.7,1508,"21198"
42,14.6,38.4,85.9,15.9,6.2,15.7,5,4.7,15.1,17.7,8.2,4.6,1.9,3.9,8.1,5.6,7.2,7,483,"21196"
42,14.6,38.4,89.3,15.9,7.3,15.7,5,4.7,14.3,17.3,8.2,4.6,1.9,2.9,8.1,4.7,6.4,7,799,"21210"
42,14.6,39.4,87,15.9,7.3,15.7,4.5,4.7,14.7,17.3,8.8,4.6,1.9,3.9,8.1,5.6,7.2,7,1788,"21195"
42,14.6,39.4,99.6,17.9,7.3,16.9,5,4.7,14.3,18.9,8.8,4.6,1.9,2.9,8.1,4.7,6.4,7,0,"21202"
42,14.6,40.5,90.5,16.9,7.3,15.7,4.5,4.7,13.9,16.9,8.8,4.6,1.9,3.9,8.1,5.6,7.2,7,2113,"21197"
42,14.6,40.5,93.9,16.9,7.3,15.7,5,4.7,15.1,18.1,8.8,4.6,1.9,3.9,8.1,5.6,7.2,7,2009,"21199"
42,14.6,40.5,93.9,16.9,7.3,16.9,5,4.7,13.9,18.5,8.8,4.6,1.9,3.9,8.1,4.7,7.2,7.7,1943,"21200"
42,16,40.5,98.5,16.9,7.3,15.7,4.5,4.7,14.3,17.7,8.2,4.6,1.9,3.9,9,5.6,7.2,8.4,0,"sadio"
43,14.6,37.3,88.2,15.9,6.2,15.7,4.5,4.7,13.5,17.3,8.2,4.6,1.9,2.9,8.1,4.7,6.4,7,307,"21227"
43,14.6,37.3,89.3,15.9,6.2,15.7,4.5,4.2,13.5,16.9,7.6,4.6,1.9,2.9,7.2,4.7,6.4,7,799,"21210"
43,14.6,38.4,88.2,15.9,6.2,15.7,4.5,4.7,13.9,17.3,8.2,4.6,1.9,3.9,8.1,4.7,6.4,7,1788,"21195"
43,14.6,38.4,88.2,15.9,7.3,15.7,5,4.7,13.1,17.7,8.8,4.6,1.9,2.9,8.1,4.7,7.2,7.7,1508,"21198"
43,14.6,39.4,85.9,15.9,7.3,15.7,5,4.7,15.1,17.7,8.2,4.6,1.9,3.9,8.1,5.6,7.2,7,483,"21196"
43,14.6,39.4,92.8,16.9,7.3,15.7,4.5,4.2,13.5,18.5,8.2,4.6,1.9,3.9,8.1,5.6,6.4,7,0,"21201"
43,14.6,39.4,92.8,16.9,7.3,15.7,5,4.7,14.7,17.3,8.2,4.6,1.9,3.9,8.1,5.6,7.2,7.7,2113,"21197"
43,14.6,39.4,98.5,17.9,7.3,16.9,5,4.7,14.3,18.9,8.8,4.6,1.9,2.9,8.1,4.7,6.4,7,0,"21202"
43,14.6,40.5,93.9,16.9,7.3,15.7,5,4.7,15.1,18.1,8.8,4.6,1.9,3.9,8.1,5.6,7.2,7,2009,"21199"
43,14.6,40.5,93.9,16.9,7.3,16.9,5,4.7,13.9,18.5,8.8,4.6,1.9,3.9,8.1,4.7,7.2,7.7,1943,"21200"
43,16,40.5,97.3,16.9,7.3,15.7,4.5,4.7,14.3,17.7,8.2,4.6,1.9,3.9,9,5.6,7.2,8.4,0,"sadio"
44,13.1,36.2,88.2,15.9,6.2,14.5,4.5,4.2,12.7,16.9,7.6,4.6,1.9,2.9,7.2,4.7,5.6,6.3,799,"21210"
44,14.6,37.3,88.2,15.9,6.2,15.7,4.5,4.7,13.5,17.3,8.2,4.6,1.9,2.9,8.1,4.7,6.4,7,307,"21227"
44,14.6,37.3,88.2,15.9,7.3,15.7,4.5,4.7,13.5,16.9,8.2,4.6,1.9,3.9,8.1,4.7,7.2,7.7,1508,"21198"
44,14.6,37.3,96.2,16.9,7.3,15.7,4.5,4.2,13.9,17.3,8.2,4.6,1.9,3.9,8.1,4.7,6.4,7,0,"21202"
44,14.6,38.4,88.2,15.9,6.2,15.7,4.5,4.7,13.9,17.3,8.2,4.6,1.9,3.9,8.1,4.7,6.4,7,1788,"21195"
44,14.6,38.4,96.2,16.9,7.3,16.9,4.5,4.7,14.3,18.1,8.2,4.6,1.9,3.9,7.2,4.7,6.4,7,0,"21201"
44,14.6,39.4,85.9,15.9,7.3,15.7,5,4.7,15.1,17.7,8.2,4.6,1.9,3.9,8.1,5.6,7.2,7,483,"21196"
44,14.6,39.4,88.2,15.9,7.3,15.7,4.5,4.7,13.9,16.9,8.2,4.6,1.9,3.9,8.1,5.6,7.2,7,0,"sadio"
44,14.6,39.4,92.8,16.9,7.3,15.7,5,4.7,14.7,17.3,8.2,4.6,1.9,3.9,8.1,5.6,7.2,7.7,2113,"21197"
44,14.6,40.5,93.9,16.9,7.3,16.9,5,4.7,13.9,18.5,8.8,4.6,1.9,3.9,8.1,4.7,7.2,7.7,1943,"21200"
44,14.6,40.5,95.1,16.9,7.3,15.7,4.5,4.7,13.5,18.1,8.2,4.6,1.9,3.9,8.1,5.6,7.2,7,2009,"21199"
45,13.1,37.3,84.7,15.9,6.2,14.5,4.5,4.2,13.5,16.5,7.6,4.6,1.9,2.9,7.2,4.7,6.4,6.3,799,"21210"
45,13.1,37.3,85.9,15.9,6.2,15.7,4.5,4.2,13.5,16.5,8.2,4.6,1.9,2.9,8.1,4.7,6.4,7,307,"21227"
45,14.6,38.4,90.5,16.9,7.3,15.7,5.5,5.1,14.7,17.7,8.2,4.6,1.9,3.9,9,4.7,7.2,7.7,1508,"21198"
45,14.6,38.4,97.3,16.9,7.3,15.7,4.5,4.2,13.9,17.3,8.2,4.6,1.9,3.9,8.1,4.7,6.4,7,0,"21202"
45,14.6,38.4,98.5,17.9,7.3,16.9,4.5,4.7,14.7,18.1,8.2,4.6,1.9,3.9,7.2,4.7,6.4,7.7,0,"21201"
45,14.6,39.4,82.5,15.9,7.3,15.7,5.5,5.6,16.7,17.7,8.8,4.6,1.9,3.9,8.1,4.7,7.2,7,2009,"21199"
45,14.6,39.4,85.9,15.9,7.3,15.7,5,4.7,15.1,17.7,8.2,4.6,1.9,3.9,8.1,5.6,7.2,7,483,"21196"
45,14.6,39.4,88.2,15.9,6.2,15.7,4.5,4.7,13.9,17.3,8.2,4.6,1.9,3.9,8.1,4.7,6.4,7,1788,"21195"
45,14.6,39.4,92.8,15.9,7.3,15.7,4.5,4.7,14.7,16.9,8.2,4.6,1.9,3.9,9,5.6,7.2,7.7,0,"sadio"
45,14.6,39.4,92.8,16.9,7.3,15.7,5,4.7,14.7,17.3,8.2,4.6,1.9,3.9,8.1,5.6,7.2,7.7,2113,"21197"
45,14.6,40.5,93.9,16.9,7.3,16.9,4.5,4.7,13.9,18.1,8.8,4.6,1.9,3.9,8.1,4.7,7.2,7.7,1943,"21200"
46,13.1,37.3,81.3,15.9,6.2,15.7,4.5,4.2,13.1,16.9,8.2,4.6,1.9,2.9,7.2,4.7,6.4,6.3,307,"21227"
46,13.1,37.3,85.9,15.9,6.2,15.7,4.5,4.2,12.7,16.9,7.6,4.6,1.9,2.9,7.2,4.7,6.4,6.3,799,"21210"
46,14.6,38.4,82.5,15.9,6.2,15.7,4.5,4.7,15.1,16.5,8.2,4.6,1.9,3.9,8.1,5.6,6.4,7,0,"sadio"
46,14.6,38.4,87,15.9,7.3,15.7,5,4.7,15.5,17.3,8.2,4.6,1.9,3.9,8.1,5.6,7.2,7,2009,"21199"
46,14.6,38.4,90.5,16.9,7.3,15.7,5.5,5.1,14.7,17.7,8.2,4.6,1.9,3.9,9,4.7,7.2,7.7,1508,"21198"
46,14.6,39.4,82.5,15.9,7.3,15.7,5,4.7,14.7,18.1,8.2,4.6,1.9,2.9,8.1,4.7,6.4,7,1788,"21195"
46,14.6,39.4,85.9,15.9,7.3,15.7,5,4.7,15.1,17.7,8.2,4.6,1.9,3.9,8.1,5.6,7.2,7,483,"21196"
46,14.6,39.4,93.9,16.9,7.3,15.7,5,4.7,14.7,17.7,8.2,4.6,1.9,3.9,8.1,5.6,7.2,7.7,2113,"21197"
46,14.6,40.5,91.6,16.9,7.3,16.9,5,4.7,13.5,18.5,8.8,4.6,1.9,3.9,8.1,5.6,7.2,7,1943,"21200"
46,14.6,40.5,98.5,16.9,7.3,16.9,5,4.7,14.7,18.9,8.8,4.6,1.9,3.9,8.1,4.7,7.2,7,0,"21202"
46,16,40.5,96.2,16.9,7.3,16.9,5,4.7,14.7,18.9,8.8,4.6,1.9,3.9,8.1,5.6,7.2,7.7,0,"21201"
47,13.1,36.2,82.5,14.9,6.2,15.7,4.5,4.2,13.1,16.5,7.6,4.6,1.9,2.9,7.2,4.7,6.4,6.3,307,"21227"
47,13.1,37.3,84.7,15.9,6.2,14.5,4.5,4.2,13.9,16.5,8.2,4.6,1.9,2.9,7.2,4.7,6.4,6.3,799,"21210"
47,14.6,38.4,90.5,16.9,7.3,15.7,5.5,5.1,14.7,17.7,8.2,4.6,1.9,3.9,9,4.7,7.2,7.7,1508,"21198"
47,14.6,38.4,91.6,16.9,7.3,15.7,4.5,4.7,15.1,16.9,8.2,4.6,1.9,3.9,8.1,5.6,7.2,7,0,"sadio"
47,14.6,39.4,84.7,15.9,7.3,15.7,5,5.1,15.9,17.3,8.8,4.6,1.9,3.9,8.1,5.6,7.2,7,1788,"21195"
47,14.6,39.4,87,15.9,7.3,15.7,5,4.7,15.1,17.7,8.2,4.6,1.9,3.9,8.1,5.6,7.2,7,483,"21196"
47,14.6,39.4,89.3,15.9,6.2,15.7,5,5.1,15.5,17.7,8.2,4.6,1.9,3.9,8.1,5.6,7.2,7,2009,"21199"
47,14.6,39.4,91.6,16.9,7.3,15.7,5,5.1,15.1,17.7,8.2,4.6,1.9,3.9,8.1,5.6,7.2,7.7,2113,"21197"
47,14.6,40.5,91.6,16.9,7.3,16.9,5,4.7,13.9,18.1,8.8,4.6,1.9,3.9,8.1,5.6,7.2,7,1943,"21200"
47,14.6,40.5,99.6,17.9,7.3,16.9,5,4.7,13.9,18.9,8.8,4.6,1.9,3.9,8.1,4.7,6.4,7,0,"21202"
47,16,40.5,96.2,16.9,7.3,16.9,5,4.7,14.7,18.5,8.8,4.6,1.9,3.9,8.1,5.6,7.2,7.7,0,"21201"
48,13.1,36.2,80.2,14.9,6.2,15.7,4.5,4.2,11.5,16.9,7.6,4.6,1.9,2.9,8.1,4.7,6.4,6.3,307,"21227"
48,13.1,37.3,87,15.9,6.2,15.7,4.5,4.2,13.9,16.9,8.2,4.6,1.9,2.9,7.2,4.7,6.4,7,799,"21210"
48,14.6,37.3,85.9,15.9,6.2,15.7,5,4.7,13.9,16.9,8.2,4.6,1.9,3.9,8.1,4.7,6.4,7,483,"21196"
48,14.6,38.4,82.5,14.9,6.2,15.7,5,5.1,14.3,17.3,8.2,4.6,1.9,2.9,8.1,5.6,7.2,7.7,2113,"21197"
48,14.6,38.4,90.5,15.9,7.3,15.7,5.5,5.1,14.7,17.7,8.2,4.6,1.9,3.9,9,4.7,7.2,7.7,1508,"21198"
48,14.6,38.4,91.6,16.9,7.3,15.7,4.5,4.7,15.1,16.9,8.2,4.6,1.9,3.9,8.1,5.6,7.2,7,0,"sadio"
48,14.6,39.4,85.9,15.9,7.3,15.7,4.5,4.7,14.7,17.7,8.2,4.6,1.9,3.9,8.1,5.6,7.2,7,1788,"21195"
48,14.6,39.4,89.3,15.9,7.3,15.7,5,5.1,15.5,17.7,8.2,4.6,1.9,3.9,8.1,5.6,7.2,7,2009,"21199"
48,14.6,39.4,89.3,16.9,7.3,16.9,5,4.7,14.3,18.1,8.8,4.6,1.9,3.9,8.1,5.6,7.2,7,1943,"21200"
48,14.6,39.4,95.1,16.9,7.3,15.7,4.5,4.2,13.9,17.3,8.2,4.6,1.9,2.9,8.1,4.7,6.4,7,0,"21202"
48,14.6,40.5,85.9,15.9,7.3,15.7,5,5.1,13.9,18.5,8.8,4.6,1.9,2.9,9,5.6,7.2,7,0,"21201"
49,13.1,37.3,83.6,15.9,6.2,15.7,4.5,4.2,13.1,16.9,8.2,4.6,1.9,2.9,8.1,4.7,6.4,7,307,"21227"
49,13.1,37.3,88.2,15.9,6.2,15.7,4.5,4.2,13.5,16.9,8.2,4.6,1.9,2.9,8.1,4.7,6.4,7,799,"21210"
49,14.6,37.3,84.7,15.9,6.2,15.7,5,4.7,14.7,16.9,8.2,4.6,1.9,3.9,8.1,5.6,7.2,7,483,"21196"
49,14.6,38.4,91.6,16.9,7.3,15.7,4.5,4.7,15.1,16.9,8.2,4.6,1.9,3.9,8.1,5.6,7.2,7,0,"sadio"
49,14.6,39.4,83.6,15.9,7.3,15.7,5,4.7,15.9,17.7,8.2,4.6,1.9,3.9,8.1,5.6,7.2,7,2009,"21199"
49,14.6,39.4,89.3,16.9,7.3,16.9,5,4.7,14.3,18.1,8.8,4.6,1.9,3.9,8.1,5.6,7.2,7,1943,"21200"
49,14.6,39.4,90.5,15.9,6.2,15.7,5,5.1,15.5,17.7,8.2,4.6,1.9,3.9,8.1,5.6,7.2,7,1788,"21195"
49,14.6,39.4,90.5,15.9,7.3,16.9,5.5,5.1,14.3,19.7,8.8,4.6,1.9,2.9,8.1,4.7,7.2,7.7,2113,"21197"
49,14.6,39.4,95.1,16.9,7.3,15.7,4.5,4.7,14.3,17.3,8.2,4.6,1.9,3.9,8.1,4.7,6.4,7,0,"21202"
49,14.6,40.5,91.6,16.9,7.3,15.7,5,4.7,13.9,18.5,8.8,4.6,1.9,2.9,8.1,4.7,7.2,7,0,"21201"
49,16,36.2,95.1,15.9,7.3,15.7,4.5,4.7,13.1,16.5,8.2,4.6,1.9,3.9,8.1,4.7,7.2,7.7,1508,"21198"
50,13.1,37.3,84.7,15.9,6.2,15.7,4.5,4.2,12.7,16.9,8.2,4.6,1.9,2.9,8.1,4.7,6.4,6.3,307,"21227"
50,13.1,37.3,90.5,15.9,6.2,15.7,4.5,4.7,13.5,16.9,8.2,4.6,1.9,2.9,8.1,4.7,6.4,7,799,"21210"
50,14.6,37.3,82.5,14.9,7.3,15.7,5,4.7,13.9,17.3,8.8,4.6,1.9,3.9,8.1,5.6,7.2,7.7,1508,"21198"
50,14.6,37.3,85.9,15.9,6.2,14.5,4.5,4.7,14.3,16.5,8.2,4.6,1.9,3.9,8.1,4.7,7.2,7,483,"21196"
50,14.6,38.4,88.2,15.9,7.3,15.7,5,4.7,14.7,17.7,8.8,4.6,1.9,2.9,8.1,4.7,6.4,7,0,"21201"
50,14.6,38.4,89.3,15.9,7.3,15.7,4.5,4.7,15.1,16.9,8.2,4.6,1.9,3.9,8.1,5.6,7.2,7,0,"sadio"
50,14.6,38.4,93.9,16.9,7.3,15.7,4.5,4.7,14.3,17.7,8.2,4.6,1.9,2.9,8.1,4.7,6.4,7,0,"21202"
50,14.6,39.4,85.9,15.9,6.2,15.7,5,5.1,14.3,18.5,8.2,4.6,1.9,3.9,8.1,5.6,7.2,7.7,2009,"21199"
50,14.6,39.4,89.3,16.9,7.3,16.9,5,4.7,14.3,18.1,8.8,4.6,1.9,3.9,8.1,5.6,7.2,7,1943,"21200"
50,14.6,39.4,90.5,15.9,7.3,15.7,5,5.1,16.3,17.7,8.8,4.6,1.9,3.9,8.1,5.6,7.2,7,1788,"21195"
50,14.6,40.5,90.5,16.9,7.3,16.9,5.5,5.1,14.3,19.7,8.8,4.6,1.9,2.9,8.1,4.7,7.2,7.7,2113,"21197"
